any;mes;motiu;quantitat;tipo
2021;1;OMISIO;19;alta
2021;1;NEIXEMENT;71;alta
2021;1;CANVI RESIDENCIA;537;alta
2021;2;OMISIO;45;alta
2021;2;NEIXEMENT;69;alta
2021;2;CANVI RESIDENCIA;577;alta
2021;3;OMISIO;26;alta
2021;3;NEIXEMENT;83;alta
2021;3;CANVI RESIDENCIA;663;alta
2021;4;OMISIO;23;alta
2021;4;NEIXEMENT;88;alta
2021;4;CANVI RESIDENCIA;597;alta
2021;5;OMISIO;29;alta
2021;5;NEIXEMENT;82;alta
2021;5;CANVI RESIDENCIA;572;alta
2021;6;OMISIO;39;alta
2021;6;NEIXEMENT;82;alta
2021;6;CANVI RESIDENCIA;566;alta
2021;7;OMISIO;40;alta
2021;7;NEIXEMENT;82;alta
2021;7;CANVI RESIDENCIA;685;alta
2021;8;OMISIO;37;alta
2021;8;NEIXEMENT;76;alta
2021;8;CANVI RESIDENCIA;633;alta
2021;9;OMISIO;61;alta
2021;9;NEIXEMENT;67;alta
2021;9;CANVI RESIDENCIA;794;alta
2021;10;OMISIO;58;alta
2021;10;NEIXEMENT;57;alta
2021;10;CANVI RESIDENCIA;846;alta
2021;11;OMISIO;57;alta
2021;11;NEIXEMENT;21;alta
2021;11;CANVI RESIDENCIA;701;alta
2020;1;OMISIO;18;alta
2020;1;NEIXEMENT;104;alta
2020;1;CANVI RESIDENCIA;694;alta
2020;2;OMISIO;32;alta
2020;2;NEIXEMENT;81;alta
2020;2;CANVI RESIDENCIA;737;alta
2020;3;OMISIO;24;alta
2020;3;NEIXEMENT;78;alta
2020;3;CANVI RESIDENCIA;415;alta
2020;4;NEIXEMENT;80;alta
2020;4;CANVI RESIDENCIA;47;alta
2020;5;OMISIO;6;alta
2020;5;NEIXEMENT;78;alta
2020;5;CANVI RESIDENCIA;252;alta
2020;6;OMISIO;12;alta
2020;6;NEIXEMENT;74;alta
2020;6;CANVI RESIDENCIA;511;alta
2020;7;OMISIO;19;alta
2020;7;NEIXEMENT;98;alta
2020;7;CANVI RESIDENCIA;641;alta
2020;8;OMISIO;9;alta
2020;8;NEIXEMENT;91;alta
2020;8;CANVI RESIDENCIA;457;alta
2020;9;OMISIO;17;alta
2020;9;NEIXEMENT;72;alta
2020;9;CANVI RESIDENCIA;629;alta
2020;10;OMISIO;19;alta
2020;10;NEIXEMENT;84;alta
2020;10;CANVI RESIDENCIA;742;alta
2020;11;OMISIO;9;alta
2020;11;NEIXEMENT;96;alta
2020;11;CANVI RESIDENCIA;631;alta
2020;12;OMISIO;24;alta
2020;12;NEIXEMENT;75;alta
2020;12;CANVI RESIDENCIA;498;alta
2019;1;OMISIO;25;alta
2019;1;NEIXEMENT;97;alta
2019;1;CANVI RESIDENCIA;801;alta
2019;2;OMISIO;22;alta
2019;2;NEIXEMENT;86;alta
2019;2;CANVI RESIDENCIA;746;alta
2019;3;OMISIO;23;alta
2019;3;NEIXEMENT;79;alta
2019;3;CANVI RESIDENCIA;904;alta
2019;4;OMISIO;25;alta
2019;4;NEIXEMENT;74;alta
2019;4;CANVI RESIDENCIA;726;alta
2019;5;OMISIO;23;alta
2019;5;NEIXEMENT;101;alta
2019;5;CANVI RESIDENCIA;812;alta
2019;6;OMISIO;21;alta
2019;6;NEIXEMENT;89;alta
2019;6;CANVI RESIDENCIA;769;alta
2019;7;OMISIO;12;alta
2019;7;NEIXEMENT;111;alta
2019;7;CANVI RESIDENCIA;746;alta
2019;8;OMISIO;9;alta
2019;8;NEIXEMENT;98;alta
2019;8;CANVI RESIDENCIA;654;alta
2019;9;OMISIO;10;alta
2019;9;NEIXEMENT;94;alta
2019;9;CANVI RESIDENCIA;984;alta
2019;10;OMISIO;24;alta
2019;10;NEIXEMENT;117;alta
2019;10;CANVI RESIDENCIA;985;alta
2019;11;OMISIO;10;alta
2019;11;NEIXEMENT;84;alta
2019;11;CANVI RESIDENCIA;721;alta
2019;12;OMISIO;15;alta
2019;12;NEIXEMENT;104;alta
2019;12;CANVI RESIDENCIA;688;alta
2018;1;OMISIO;47;alta
2018;1;NEIXEMENT;92;alta
2018;1;CANVI RESIDENCIA;625;alta
2018;2;OMISIO;12;alta
2018;2;NEIXEMENT;78;alta
2018;2;CANVI RESIDENCIA;607;alta
2018;3;OMISIO;22;alta
2018;3;NEIXEMENT;111;alta
2018;3;CANVI RESIDENCIA;665;alta
2018;4;OMISIO;23;alta
2018;4;NEIXEMENT;82;alta
2018;4;CANVI RESIDENCIA;728;alta
2018;5;OMISIO;34;alta
2018;5;NEIXEMENT;91;alta
2018;5;CANVI RESIDENCIA;679;alta
2018;6;OMISIO;14;alta
2018;6;NEIXEMENT;78;alta
2018;6;CANVI RESIDENCIA;634;alta
2018;7;OMISIO;29;alta
2018;7;NEIXEMENT;107;alta
2018;7;CANVI RESIDENCIA;728;alta
2018;8;OMISIO;21;alta
2018;8;NEIXEMENT;115;alta
2018;8;CANVI RESIDENCIA;666;alta
2018;9;OMISIO;23;alta
2018;9;NEIXEMENT;112;alta
2018;9;CANVI RESIDENCIA;843;alta
2018;10;OMISIO;37;alta
2018;10;NEIXEMENT;113;alta
2018;10;CANVI RESIDENCIA;911;alta
2018;11;OMISIO;14;alta
2018;11;NEIXEMENT;114;alta
2018;11;CANVI RESIDENCIA;764;alta
2018;12;OMISIO;19;alta
2018;12;NEIXEMENT;116;alta
2018;12;CANVI RESIDENCIA;510;alta
2017;1;OMISIO;15;alta
2017;1;NEIXEMENT;101;alta
2017;1;CANVI RESIDENCIA;516;alta
2017;2;OMISIO;21;alta
2017;2;NEIXEMENT;104;alta
2017;2;CANVI RESIDENCIA;525;alta
2017;3;OMISIO;20;alta
2017;3;NEIXEMENT;101;alta
2017;3;CANVI RESIDENCIA;643;alta
2017;4;OMISIO;6;alta
2017;4;NEIXEMENT;106;alta
2017;4;CANVI RESIDENCIA;514;alta
2017;5;OMISIO;21;alta
2017;5;NEIXEMENT;86;alta
2017;5;CANVI RESIDENCIA;606;alta
2017;6;OMISIO;23;alta
2017;6;NEIXEMENT;88;alta
2017;6;CANVI RESIDENCIA;577;alta
2017;7;OMISIO;15;alta
2017;7;NEIXEMENT;92;alta
2017;7;CANVI RESIDENCIA;588;alta
2017;8;OMISIO;25;alta
2017;8;NEIXEMENT;120;alta
2017;8;CANVI RESIDENCIA;564;alta
2017;9;OMISIO;36;alta
2017;9;NEIXEMENT;91;alta
2017;9;CANVI RESIDENCIA;853;alta
2017;10;OMISIO;25;alta
2017;10;NEIXEMENT;110;alta
2017;10;CANVI RESIDENCIA;668;alta
2017;11;OMISIO;32;alta
2017;11;NEIXEMENT;95;alta
2017;11;CANVI RESIDENCIA;652;alta
2017;12;OMISIO;21;alta
2017;12;NEIXEMENT;98;alta
2017;12;CANVI RESIDENCIA;467;alta
2016;1;OMISIO;29;alta
2016;1;NEIXEMENT;110;alta
2016;1;CANVI RESIDENCIA;504;alta
2016;2;OMISIO;12;alta
2016;2;NEIXEMENT;96;alta
2016;2;CANVI RESIDENCIA;499;alta
2016;3;OMISIO;15;alta
2016;3;NEIXEMENT;121;alta
2016;3;CANVI RESIDENCIA;521;alta
2016;4;OMISIO;15;alta
2016;4;NEIXEMENT;92;alta
2016;4;CANVI RESIDENCIA;492;alta
2016;5;OMISIO;15;alta
2016;5;NEIXEMENT;82;alta
2016;5;CANVI RESIDENCIA;540;alta
2016;6;OMISIO;11;alta
2016;6;NEIXEMENT;107;alta
2016;6;CANVI RESIDENCIA;527;alta
2016;7;OMISIO;4;alta
2016;7;NEIXEMENT;112;alta
2016;7;CANVI RESIDENCIA;486;alta
2016;8;OMISIO;8;alta
2016;8;NEIXEMENT;112;alta
2016;8;CANVI RESIDENCIA;407;alta
2016;9;OMISIO;10;alta
2016;9;NEIXEMENT;122;alta
2016;9;CANVI RESIDENCIA;715;alta
2016;10;OMISIO;15;alta
2016;10;NEIXEMENT;91;alta
2016;10;CANVI RESIDENCIA;562;alta
2016;11;OMISIO;14;alta
2016;11;NEIXEMENT;101;alta
2016;11;CANVI RESIDENCIA;540;alta
2016;12;OMISIO;17;alta
2016;12;NEIXEMENT;107;alta
2016;12;CANVI RESIDENCIA;425;alta
2015;1;OMISIO;17;alta
2015;1;NEIXEMENT;133;alta
2015;1;CANVI RESIDENCIA;431;alta
2015;2;OMISIO;16;alta
2015;2;NEIXEMENT;78;alta
2015;2;CANVI RESIDENCIA;469;alta
2015;3;OMISIO;17;alta
2015;3;NEIXEMENT;108;alta
2015;3;CANVI RESIDENCIA;560;alta
2015;4;OMISIO;23;alta
2015;4;NEIXEMENT;95;alta
2015;4;CANVI RESIDENCIA;419;alta
2015;5;OMISIO;21;alta
2015;5;NEIXEMENT;106;alta
2015;5;CANVI RESIDENCIA;405;alta
2015;6;OMISIO;22;alta
2015;6;NEIXEMENT;107;alta
2015;6;CANVI RESIDENCIA;476;alta
2015;7;OMISIO;23;alta
2015;7;NEIXEMENT;119;alta
2015;7;CANVI RESIDENCIA;509;alta
2015;8;OMISIO;16;alta
2015;8;NEIXEMENT;109;alta
2015;8;CANVI RESIDENCIA;456;alta
2015;9;OMISIO;8;alta
2015;9;NEIXEMENT;111;alta
2015;9;CANVI RESIDENCIA;674;alta
2015;10;OMISIO;9;alta
2015;10;NEIXEMENT;120;alta
2015;10;CANVI RESIDENCIA;709;alta
2015;11;OMISIO;16;alta
2015;11;NEIXEMENT;96;alta
2015;11;CANVI RESIDENCIA;453;alta
2015;12;OMISIO;9;alta
2015;12;NEIXEMENT;128;alta
2015;12;CANVI RESIDENCIA;436;alta
2014;1;OMISIO;26;alta
2014;1;NEIXEMENT;120;alta
2014;1;CANVI RESIDENCIA;412;alta
2014;2;OMISIO;30;alta
2014;2;NEIXEMENT;108;alta
2014;2;CANVI RESIDENCIA;405;alta
2014;3;OMISIO;30;alta
2014;3;NEIXEMENT;112;alta
2014;3;CANVI RESIDENCIA;493;alta
2014;4;OMISIO;39;alta
2014;4;NEIXEMENT;109;alta
2014;4;CANVI RESIDENCIA;435;alta
2014;5;OMISIO;31;alta
2014;5;NEIXEMENT;114;alta
2014;5;CANVI RESIDENCIA;476;alta
2014;6;OMISIO;50;alta
2014;6;NEIXEMENT;102;alta
2014;6;CANVI RESIDENCIA;462;alta
2014;7;OMISIO;22;alta
2014;7;NEIXEMENT;90;alta
2014;7;CANVI RESIDENCIA;514;alta
2014;8;OMISIO;13;alta
2014;8;NEIXEMENT;117;alta
2014;8;CANVI RESIDENCIA;390;alta
2014;9;OMISIO;27;alta
2014;9;NEIXEMENT;123;alta
2014;9;CANVI RESIDENCIA;708;alta
2014;10;OMISIO;17;alta
2014;10;NEIXEMENT;131;alta
2014;10;CANVI RESIDENCIA;585;alta
2014;11;OMISIO;15;alta
2014;11;NEIXEMENT;108;alta
2014;11;CANVI RESIDENCIA;440;alta
2014;12;OMISIO;22;alta
2014;12;NEIXEMENT;115;alta
2014;12;CANVI RESIDENCIA;387;alta
2013;1;OMISIO;18;alta
2013;1;NEIXEMENT;105;alta
2013;1;CANVI RESIDENCIA;497;alta
2013;2;OMISIO;23;alta
2013;2;NEIXEMENT;104;alta
2013;2;CANVI RESIDENCIA;464;alta
2013;3;OMISIO;21;alta
2013;3;NEIXEMENT;89;alta
2013;3;CANVI RESIDENCIA;518;alta
2013;4;OMISIO;34;alta
2013;4;NEIXEMENT;102;alta
2013;4;CANVI RESIDENCIA;428;alta
2013;5;OMISIO;21;alta
2013;5;NEIXEMENT;88;alta
2013;5;CANVI RESIDENCIA;517;alta
2013;6;OMISIO;23;alta
2013;6;NEIXEMENT;128;alta
2013;6;CANVI RESIDENCIA;435;alta
2013;7;OMISIO;25;alta
2013;7;NEIXEMENT;125;alta
2013;7;CANVI RESIDENCIA;486;alta
2013;8;OMISIO;18;alta
2013;8;NEIXEMENT;113;alta
2013;8;CANVI RESIDENCIA;402;alta
2013;9;OMISIO;18;alta
2013;9;NEIXEMENT;124;alta
2013;9;CANVI RESIDENCIA;635;alta
2013;10;OMISIO;24;alta
2013;10;NEIXEMENT;132;alta
2013;10;CANVI RESIDENCIA;661;alta
2013;11;OMISIO;26;alta
2013;11;NEIXEMENT;112;alta
2013;11;CANVI RESIDENCIA;467;alta
2013;12;OMISIO;22;alta
2013;12;NEIXEMENT;97;alta
2013;12;CANVI RESIDENCIA;385;alta
2012;1;OMISIO;54;alta
2012;1;NEIXEMENT;166;alta
2012;1;CANVI RESIDENCIA;607;alta
2012;2;OMISIO;43;alta
2012;2;NEIXEMENT;115;alta
2012;2;CANVI RESIDENCIA;435;alta
2012;3;OMISIO;32;alta
2012;3;NEIXEMENT;117;alta
2012;3;CANVI RESIDENCIA;604;alta
2012;4;OMISIO;17;alta
2012;4;NEIXEMENT;136;alta
2012;4;CANVI RESIDENCIA;484;alta
2012;5;OMISIO;28;alta
2012;5;NEIXEMENT;135;alta
2012;5;CANVI RESIDENCIA;499;alta
2012;6;OMISIO;20;alta
2012;6;NEIXEMENT;110;alta
2012;6;CANVI RESIDENCIA;453;alta
2012;7;OMISIO;20;alta
2012;7;NEIXEMENT;102;alta
2012;7;CANVI RESIDENCIA;438;alta
2012;8;OMISIO;33;alta
2012;8;NEIXEMENT;121;alta
2012;8;CANVI RESIDENCIA;369;alta
2012;9;OMISIO;17;alta
2012;9;NEIXEMENT;129;alta
2012;9;CANVI RESIDENCIA;503;alta
2012;10;OMISIO;32;alta
2012;10;NEIXEMENT;142;alta
2012;10;CANVI RESIDENCIA;655;alta
2012;11;OMISIO;26;alta
2012;11;NEIXEMENT;109;alta
2012;11;CANVI RESIDENCIA;494;alta
2012;12;OMISIO;17;alta
2012;12;NEIXEMENT;133;alta
2012;12;CANVI RESIDENCIA;436;alta
2011;1;OMISIO;38;alta
2011;1;NEIXEMENT;147;alta
2011;1;CANVI RESIDENCIA;522;alta
2011;2;OMISIO;67;alta
2011;2;NEIXEMENT;131;alta
2011;2;CANVI RESIDENCIA;518;alta
2011;3;OMISIO;44;alta
2011;3;NEIXEMENT;144;alta
2011;3;CANVI RESIDENCIA;529;alta
2011;4;OMISIO;27;alta
2011;4;NEIXEMENT;103;alta
2011;4;CANVI RESIDENCIA;434;alta
2011;5;OMISIO;33;alta
2011;5;NEIXEMENT;120;alta
2011;5;CANVI RESIDENCIA;513;alta
2011;6;OMISIO;32;alta
2011;6;NEIXEMENT;114;alta
2011;6;CANVI RESIDENCIA;547;alta
2011;7;OMISIO;33;alta
2011;7;NEIXEMENT;146;alta
2011;7;CANVI RESIDENCIA;508;alta
2011;8;OMISIO;30;alta
2011;8;NEIXEMENT;139;alta
2011;8;CANVI RESIDENCIA;510;alta
2011;9;OMISIO;32;alta
2011;9;NEIXEMENT;155;alta
2011;9;CANVI RESIDENCIA;652;alta
2011;10;OMISIO;43;alta
2011;10;NEIXEMENT;148;alta
2011;10;CANVI RESIDENCIA;635;alta
2011;11;OMISIO;28;alta
2011;11;NEIXEMENT;158;alta
2011;11;CANVI RESIDENCIA;546;alta
2011;12;OMISIO;28;alta
2011;12;NEIXEMENT;139;alta
2011;12;CANVI RESIDENCIA;497;alta
2010;1;OMISIO;28;alta
2010;1;NEIXEMENT;185;alta
2010;1;CANVI RESIDENCIA;544;alta
2010;2;OMISIO;26;alta
2010;2;NEIXEMENT;150;alta
2010;2;CANVI RESIDENCIA;557;alta
2010;3;OMISIO;77;alta
2010;3;NEIXEMENT;191;alta
2010;3;CANVI RESIDENCIA;614;alta
2010;4;OMISIO;45;alta
2010;4;NEIXEMENT;112;alta
2010;4;CANVI RESIDENCIA;556;alta
2010;5;OMISIO;40;alta
2010;5;NEIXEMENT;166;alta
2010;5;CANVI RESIDENCIA;560;alta
2010;6;OMISIO;34;alta
2010;6;NEIXEMENT;150;alta
2010;6;CANVI RESIDENCIA;575;alta
2010;7;OMISIO;44;alta
2010;7;NEIXEMENT;175;alta
2010;7;CANVI RESIDENCIA;530;alta
2010;8;OMISIO;44;alta
2010;8;NEIXEMENT;153;alta
2010;8;CANVI RESIDENCIA;566;alta
2010;9;OMISIO;39;alta
2010;9;NEIXEMENT;174;alta
2010;9;CANVI RESIDENCIA;595;alta
2010;10;OMISIO;41;alta
2010;10;NEIXEMENT;159;alta
2010;10;CANVI RESIDENCIA;760;alta
2010;11;OMISIO;33;alta
2010;11;NEIXEMENT;182;alta
2010;11;CANVI RESIDENCIA;514;alta
2010;12;OMISIO;23;alta
2010;12;NEIXEMENT;170;alta
2010;12;CANVI RESIDENCIA;456;alta
2009;1;OMISIO;26;alta
2009;1;NEIXEMENT;165;alta
2009;1;CANVI RESIDENCIA;511;alta
2009;2;OMISIO;30;alta
2009;2;NEIXEMENT;177;alta
2009;2;CANVI RESIDENCIA;535;alta
2009;3;OMISIO;35;alta
2009;3;NEIXEMENT;163;alta
2009;3;CANVI RESIDENCIA;650;alta
2009;4;OMISIO;30;alta
2009;4;NEIXEMENT;144;alta
2009;4;CANVI RESIDENCIA;564;alta
2009;5;OMISIO;59;alta
2009;5;NEIXEMENT;178;alta
2009;5;CANVI RESIDENCIA;515;alta
2009;6;OMISIO;34;alta
2009;6;NEIXEMENT;160;alta
2009;6;CANVI RESIDENCIA;542;alta
2009;7;OMISIO;37;alta
2009;7;NEIXEMENT;194;alta
2009;7;CANVI RESIDENCIA;551;alta
2009;8;OMISIO;14;alta
2009;8;NEIXEMENT;157;alta
2009;8;CANVI RESIDENCIA;461;alta
2009;9;OMISIO;33;alta
2009;9;NEIXEMENT;188;alta
2009;9;CANVI RESIDENCIA;518;alta
2009;10;OMISIO;34;alta
2009;10;NEIXEMENT;153;alta
2009;10;CANVI RESIDENCIA;680;alta
2009;11;OMISIO;34;alta
2009;11;NEIXEMENT;150;alta
2009;11;CANVI RESIDENCIA;493;alta
2009;12;OMISIO;17;alta
2009;12;NEIXEMENT;184;alta
2009;12;CANVI RESIDENCIA;439;alta
2008;1;OMISIO;35;alta
2008;1;NEIXEMENT;188;alta
2008;1;CANVI RESIDENCIA;818;alta
2008;2;OMISIO;17;alta
2008;2;NEIXEMENT;151;alta
2008;2;CANVI RESIDENCIA;742;alta
2008;3;OMISIO;16;alta
2008;3;NEIXEMENT;176;alta
2008;3;CANVI RESIDENCIA;882;alta
2008;4;OMISIO;28;alta
2008;4;NEIXEMENT;174;alta
2008;4;CANVI RESIDENCIA;880;alta
2008;5;OMISIO;15;alta
2008;5;NEIXEMENT;192;alta
2008;5;CANVI RESIDENCIA;716;alta
2008;6;OMISIO;19;alta
2008;6;NEIXEMENT;170;alta
2008;6;CANVI RESIDENCIA;708;alta
2008;7;OMISIO;29;alta
2008;7;NEIXEMENT;192;alta
2008;7;CANVI RESIDENCIA;716;alta
2008;8;OMISIO;17;alta
2008;8;NEIXEMENT;217;alta
2008;8;CANVI RESIDENCIA;601;alta
2008;9;OMISIO;26;alta
2008;9;NEIXEMENT;179;alta
2008;9;CANVI RESIDENCIA;726;alta
2008;10;OMISIO;43;alta
2008;10;NEIXEMENT;183;alta
2008;10;CANVI RESIDENCIA;791;alta
2008;11;OMISIO;24;alta
2008;11;NEIXEMENT;181;alta
2008;11;CANVI RESIDENCIA;646;alta
2008;12;OMISIO;9;alta
2008;12;NEIXEMENT;185;alta
2008;12;CANVI RESIDENCIA;473;alta
2007;1;OMISIO;12;alta
2007;1;NEIXEMENT;187;alta
2007;1;CANVI RESIDENCIA;877;alta
2007;2;OMISIO;23;alta
2007;2;NEIXEMENT;174;alta
2007;2;CANVI RESIDENCIA;798;alta
2007;3;OMISIO;5;alta
2007;3;NEIXEMENT;164;alta
2007;3;CANVI RESIDENCIA;765;alta
2007;4;OMISIO;6;alta
2007;4;NEIXEMENT;158;alta
2007;4;CANVI RESIDENCIA;788;alta
2007;5;OMISIO;19;alta
2007;5;NEIXEMENT;179;alta
2007;5;CANVI RESIDENCIA;733;alta
2007;6;OMISIO;44;alta
2007;6;NEIXEMENT;185;alta
2007;6;CANVI RESIDENCIA;753;alta
2007;7;OMISIO;26;alta
2007;7;NEIXEMENT;180;alta
2007;7;CANVI RESIDENCIA;735;alta
2007;8;OMISIO;24;alta
2007;8;NEIXEMENT;171;alta
2007;8;CANVI RESIDENCIA;779;alta
2007;9;OMISIO;49;alta
2007;9;NEIXEMENT;168;alta
2007;9;CANVI RESIDENCIA;811;alta
2007;10;OMISIO;37;alta
2007;10;NEIXEMENT;201;alta
2007;10;CANVI RESIDENCIA;1004;alta
2007;11;OMISIO;23;alta
2007;11;NEIXEMENT;211;alta
2007;11;CANVI RESIDENCIA;850;alta
2007;12;OMISIO;16;alta
2007;12;NEIXEMENT;158;alta
2007;12;CANVI RESIDENCIA;608;alta
2006;1;OMISIO;4;alta
2006;1;NEIXEMENT;141;alta
2006;1;CANVI RESIDENCIA;697;alta
2006;2;OMISIO;4;alta
2006;2;NEIXEMENT;166;alta
2006;2;CANVI RESIDENCIA;656;alta
2006;3;OMISIO;11;alta
2006;3;NEIXEMENT;177;alta
2006;3;CANVI RESIDENCIA;900;alta
2006;4;OMISIO;3;alta
2006;4;NEIXEMENT;161;alta
2006;4;CANVI RESIDENCIA;569;alta
2006;5;OMISIO;3;alta
2006;5;NEIXEMENT;161;alta
2006;5;CANVI RESIDENCIA;811;alta
2006;6;OMISIO;9;alta
2006;6;NEIXEMENT;168;alta
2006;6;CANVI RESIDENCIA;784;alta
2006;7;OMISIO;3;alta
2006;7;NEIXEMENT;175;alta
2006;7;CANVI RESIDENCIA;683;alta
2006;8;OMISIO;2;alta
2006;8;NEIXEMENT;178;alta
2006;8;CANVI RESIDENCIA;756;alta
2006;9;OMISIO;3;alta
2006;9;NEIXEMENT;204;alta
2006;9;CANVI RESIDENCIA;852;alta
2006;10;OMISIO;4;alta
2006;10;NEIXEMENT;220;alta
2006;10;CANVI RESIDENCIA;782;alta
2006;11;OMISIO;3;alta
2006;11;NEIXEMENT;213;alta
2006;11;CANVI RESIDENCIA;812;alta
2006;12;OMISIO;5;alta
2006;12;NEIXEMENT;187;alta
2006;12;CANVI RESIDENCIA;646;alta
2005;1;OMISIO;2;alta
2005;1;NEIXEMENT;184;alta
2005;1;CANVI RESIDENCIA;671;alta
2005;2;OMISIO;12;alta
2005;2;NEIXEMENT;183;alta
2005;2;CANVI RESIDENCIA;713;alta
2005;3;OMISIO;8;alta
2005;3;NEIXEMENT;173;alta
2005;3;CANVI RESIDENCIA;757;alta
2005;4;OMISIO;10;alta
2005;4;NEIXEMENT;161;alta
2005;4;CANVI RESIDENCIA;841;alta
2005;5;OMISIO;6;alta
2005;5;NEIXEMENT;164;alta
2005;5;CANVI RESIDENCIA;773;alta
2005;6;OMISIO;3;alta
2005;6;NEIXEMENT;148;alta
2005;6;CANVI RESIDENCIA;698;alta
2005;7;OMISIO;3;alta
2005;7;NEIXEMENT;141;alta
2005;7;CANVI RESIDENCIA;660;alta
2005;8;OMISIO;3;alta
2005;8;NEIXEMENT;185;alta
2005;8;CANVI RESIDENCIA;703;alta
2005;9;OMISIO;3;alta
2005;9;NEIXEMENT;155;alta
2005;9;CANVI RESIDENCIA;842;alta
2005;10;OMISIO;3;alta
2005;10;NEIXEMENT;205;alta
2005;10;CANVI RESIDENCIA;707;alta
2005;11;OMISIO;2;alta
2005;11;NEIXEMENT;177;alta
2005;11;CANVI RESIDENCIA;637;alta
2005;12;OMISIO;2;alta
2005;12;NEIXEMENT;183;alta
2005;12;CANVI RESIDENCIA;657;alta
2004;1;NEIXEMENT;158;alta
2004;1;CANVI RESIDENCIA;528;alta
2004;2;NEIXEMENT;158;alta
2004;2;CANVI RESIDENCIA;546;alta
2004;3;NEIXEMENT;144;alta
2004;3;CANVI RESIDENCIA;603;alta
2004;4;NEIXEMENT;168;alta
2004;4;CANVI RESIDENCIA;656;alta
2004;5;NEIXEMENT;159;alta
2004;5;CANVI RESIDENCIA;616;alta
2004;6;OMISIO;5;alta
2004;6;NEIXEMENT;138;alta
2004;6;CANVI RESIDENCIA;543;alta
2004;7;OMISIO;10;alta
2004;7;NEIXEMENT;175;alta
2004;7;CANVI RESIDENCIA;654;alta
2004;8;OMISIO;3;alta
2004;8;NEIXEMENT;181;alta
2004;8;CANVI RESIDENCIA;656;alta
2004;9;OMISIO;6;alta
2004;9;NEIXEMENT;189;alta
2004;9;CANVI RESIDENCIA;724;alta
2004;10;OMISIO;3;alta
2004;10;NEIXEMENT;142;alta
2004;10;CANVI RESIDENCIA;715;alta
2004;11;OMISIO;2;alta
2004;11;NEIXEMENT;169;alta
2004;11;CANVI RESIDENCIA;697;alta
2004;12;OMISIO;2;alta
2004;12;NEIXEMENT;185;alta
2004;12;CANVI RESIDENCIA;646;alta
2003;1;NEIXEMENT;138;alta
2003;1;CANVI RESIDENCIA;514;alta
2003;2;NEIXEMENT;124;alta
2003;2;CANVI RESIDENCIA;449;alta
2003;3;NEIXEMENT;138;alta
2003;3;CANVI RESIDENCIA;591;alta
2003;4;NEIXEMENT;142;alta
2003;4;CANVI RESIDENCIA;499;alta
2003;5;NEIXEMENT;121;alta
2003;5;CANVI RESIDENCIA;580;alta
2003;6;NEIXEMENT;127;alta
2003;6;CANVI RESIDENCIA;462;alta
2003;7;NEIXEMENT;141;alta
2003;7;CANVI RESIDENCIA;433;alta
2003;8;NEIXEMENT;155;alta
2003;8;CANVI RESIDENCIA;534;alta
2003;9;NEIXEMENT;136;alta
2003;9;CANVI RESIDENCIA;595;alta
2003;10;NEIXEMENT;148;alta
2003;10;CANVI RESIDENCIA;654;alta
2003;11;NEIXEMENT;149;alta
2003;11;CANVI RESIDENCIA;507;alta
2003;12;NEIXEMENT;144;alta
2003;12;CANVI RESIDENCIA;506;alta
2002;1;NEIXEMENT;157;alta
2002;1;CANVI RESIDENCIA;498;alta
2002;2;NEIXEMENT;132;alta
2002;2;CANVI RESIDENCIA;456;alta
2002;3;NEIXEMENT;119;alta
2002;3;CANVI RESIDENCIA;480;alta
2002;4;NEIXEMENT;129;alta
2002;4;CANVI RESIDENCIA;534;alta
2002;5;NEIXEMENT;151;alta
2002;5;CANVI RESIDENCIA;632;alta
2002;6;NEIXEMENT;122;alta
2002;6;CANVI RESIDENCIA;402;alta
2002;7;NEIXEMENT;130;alta
2002;7;CANVI RESIDENCIA;449;alta
2002;8;NEIXEMENT;107;alta
2002;8;CANVI RESIDENCIA;480;alta
2002;9;OMISIO;2;alta
2002;9;NEIXEMENT;151;alta
2002;9;CANVI RESIDENCIA;492;alta
2002;10;NEIXEMENT;156;alta
2002;10;CANVI RESIDENCIA;541;alta
2002;11;NEIXEMENT;127;alta
2002;11;CANVI RESIDENCIA;436;alta
2002;12;NEIXEMENT;139;alta
2002;12;CANVI RESIDENCIA;406;alta
2001;1;NEIXEMENT;125;alta
2001;1;CANVI RESIDENCIA;307;alta
2001;2;NEIXEMENT;117;alta
2001;2;CANVI RESIDENCIA;327;alta
2001;3;REVISIO PADRONAL;1;alta
2001;3;NEIXEMENT;141;alta
2001;3;CANVI RESIDENCIA;358;alta
2001;4;NEIXEMENT;119;alta
2001;4;CANVI RESIDENCIA;269;alta
2001;5;NEIXEMENT;155;alta
2001;5;CANVI RESIDENCIA;448;alta
2001;6;OMISIO;1;alta
2001;6;NEIXEMENT;101;alta
2001;6;CANVI RESIDENCIA;499;alta
2001;7;NEIXEMENT;120;alta
2001;7;CANVI RESIDENCIA;334;alta
2001;8;NEIXEMENT;109;alta
2001;8;CANVI RESIDENCIA;421;alta
2001;9;NEIXEMENT;142;alta
2001;9;CANVI RESIDENCIA;454;alta
2001;10;NEIXEMENT;145;alta
2001;10;CANVI RESIDENCIA;441;alta
2001;11;REVISIO PADRONAL;1634;alta
2001;11;OMISIO;1;alta
2001;11;NEIXEMENT;120;alta
2001;11;CANVI RESIDENCIA;514;alta
2001;12;NEIXEMENT;127;alta
2001;12;CANVI RESIDENCIA;327;alta
2000;1;NEIXEMENT;147;alta
2000;1;CANVI RESIDENCIA;287;alta
2000;2;NEIXEMENT;111;alta
2000;2;CANVI RESIDENCIA;325;alta
2000;3;NEIXEMENT;121;alta
2000;3;CANVI RESIDENCIA;320;alta
2000;4;NEIXEMENT;101;alta
2000;4;CANVI RESIDENCIA;253;alta
2000;5;NEIXEMENT;125;alta
2000;5;CANVI RESIDENCIA;303;alta
2000;6;NEIXEMENT;105;alta
2000;6;CANVI RESIDENCIA;348;alta
2000;7;NEIXEMENT;106;alta
2000;7;CANVI RESIDENCIA;249;alta
2000;8;OMISIO;1;alta
2000;8;NEIXEMENT;140;alta
2000;8;CANVI RESIDENCIA;224;alta
2000;9;NEIXEMENT;129;alta
2000;9;CANVI RESIDENCIA;268;alta
2000;10;NEIXEMENT;131;alta
2000;10;CANVI RESIDENCIA;309;alta
2000;11;OMISIO;1;alta
2000;11;NEIXEMENT;111;alta
2000;11;CANVI RESIDENCIA;270;alta
2000;12;NEIXEMENT;136;alta
2000;12;CANVI RESIDENCIA;221;alta
1999;1;NEIXEMENT;107;alta
1999;1;CANVI RESIDENCIA;171;alta
1999;2;NEIXEMENT;119;alta
1999;2;CANVI RESIDENCIA;242;alta
1999;3;NEIXEMENT;103;alta
1999;3;CANVI RESIDENCIA;360;alta
1999;4;NEIXEMENT;107;alta
1999;4;CANVI RESIDENCIA;215;alta
1999;5;NEIXEMENT;131;alta
1999;5;CANVI RESIDENCIA;309;alta
1999;6;NEIXEMENT;117;alta
1999;6;CANVI RESIDENCIA;219;alta
1999;7;NEIXEMENT;113;alta
1999;7;CANVI RESIDENCIA;193;alta
1999;8;NEIXEMENT;121;alta
1999;8;CANVI RESIDENCIA;270;alta
1999;9;NEIXEMENT;101;alta
1999;9;CANVI RESIDENCIA;218;alta
1999;10;NEIXEMENT;93;alta
1999;10;CANVI RESIDENCIA;300;alta
1999;11;NEIXEMENT;102;alta
1999;11;CANVI RESIDENCIA;232;alta
1999;12;NEIXEMENT;113;alta
1999;12;CANVI RESIDENCIA;180;alta
1998;1;NEIXEMENT;111;alta
1998;1;CANVI RESIDENCIA;218;alta
1998;2;NEIXEMENT;103;alta
1998;2;CANVI RESIDENCIA;233;alta
1998;3;NEIXEMENT;100;alta
1998;3;CANVI RESIDENCIA;345;alta
1998;4;NEIXEMENT;100;alta
1998;4;CANVI RESIDENCIA;195;alta
1998;5;NEIXEMENT;100;alta
1998;5;CANVI RESIDENCIA;193;alta
1998;6;NEIXEMENT;101;alta
1998;6;CANVI RESIDENCIA;255;alta
1998;7;NEIXEMENT;99;alta
1998;7;CANVI RESIDENCIA;177;alta
1998;8;NEIXEMENT;114;alta
1998;8;CANVI RESIDENCIA;217;alta
1998;9;NEIXEMENT;111;alta
1998;9;CANVI RESIDENCIA;227;alta
1998;10;NEIXEMENT;135;alta
1998;10;CANVI RESIDENCIA;232;alta
1998;11;NEIXEMENT;122;alta
1998;11;CANVI RESIDENCIA;312;alta
1998;12;NEIXEMENT;110;alta
1998;12;CANVI RESIDENCIA;170;alta
1997;1;OMISIO;130;alta
1997;1;NEIXEMENT;99;alta
1997;1;CANVI RESIDENCIA;124;alta
1997;2;NEIXEMENT;82;alta
1997;2;CANVI RESIDENCIA;273;alta
1997;3;NEIXEMENT;102;alta
1997;3;CANVI RESIDENCIA;231;alta
1997;4;NEIXEMENT;118;alta
1997;4;CANVI RESIDENCIA;368;alta
1997;5;NEIXEMENT;130;alta
1997;5;CANVI RESIDENCIA;204;alta
1997;6;NEIXEMENT;99;alta
1997;6;CANVI RESIDENCIA;237;alta
1997;7;NEIXEMENT;101;alta
1997;7;CANVI RESIDENCIA;132;alta
1997;8;NEIXEMENT;97;alta
1997;8;CANVI RESIDENCIA;128;alta
1997;9;NEIXEMENT;111;alta
1997;9;CANVI RESIDENCIA;273;alta
1997;10;NEIXEMENT;125;alta
1997;10;CANVI RESIDENCIA;232;alta
1997;11;NEIXEMENT;97;alta
1997;11;CANVI RESIDENCIA;226;alta
1997;12;NEIXEMENT;121;alta
1997;12;CANVI RESIDENCIA;176;alta
1996;1;NEIXEMENT;91;alta
1996;2;NEIXEMENT;100;alta
1996;3;NEIXEMENT;112;alta
1996;4;NEIXEMENT;119;alta
1996;4;CANVI RESIDENCIA;1;alta
1996;5;OMISIO;13;alta
1996;5;NEIXEMENT;79;alta
1996;5;CANVI RESIDENCIA;88;alta
1996;6;OMISIO;1;alta
1996;6;NEIXEMENT;124;alta
1996;6;CANVI RESIDENCIA;33;alta
1996;7;NEIXEMENT;122;alta
1996;7;CANVI RESIDENCIA;39;alta
1996;8;OMISIO;15;alta
1996;8;NEIXEMENT;110;alta
1996;8;CANVI RESIDENCIA;55;alta
1996;9;OMISIO;50;alta
1996;9;NEIXEMENT;90;alta
1996;9;CANVI RESIDENCIA;87;alta
1996;10;OMISIO;43;alta
1996;10;NEIXEMENT;135;alta
1996;10;CANVI RESIDENCIA;107;alta
1996;11;OMISIO;42;alta
1996;11;NEIXEMENT;122;alta
1996;11;CANVI RESIDENCIA;98;alta
1996;12;OMISIO;217;alta
1996;12;NEIXEMENT;110;alta
1996;12;CANVI RESIDENCIA;104;alta
1995;1;NEIXEMENT;106;alta
1995;2;NEIXEMENT;105;alta
1995;3;NEIXEMENT;106;alta
1995;4;NEIXEMENT;103;alta
1995;5;NEIXEMENT;95;alta
1995;6;NEIXEMENT;126;alta
1995;7;NEIXEMENT;101;alta
1995;8;NEIXEMENT;132;alta
1995;9;NEIXEMENT;132;alta
1995;10;NEIXEMENT;116;alta
1995;11;NEIXEMENT;109;alta
1995;12;NEIXEMENT;109;alta
1994;1;NEIXEMENT;106;alta
1994;2;NEIXEMENT;109;alta
1994;3;NEIXEMENT;106;alta
1994;4;NEIXEMENT;124;alta
1994;5;NEIXEMENT;115;alta
1994;6;NEIXEMENT;94;alta
1994;7;NEIXEMENT;98;alta
1994;8;NEIXEMENT;106;alta
1994;9;NEIXEMENT;115;alta
1994;10;NEIXEMENT;100;alta
1994;11;NEIXEMENT;101;alta
1994;12;NEIXEMENT;110;alta
1993;1;NEIXEMENT;113;alta
1993;2;NEIXEMENT;99;alta
1993;3;NEIXEMENT;109;alta
1993;4;NEIXEMENT;112;alta
1993;4;CANVI RESIDENCIA;1;alta
1993;5;NEIXEMENT;90;alta
1993;6;NEIXEMENT;93;alta
1993;7;NEIXEMENT;126;alta
1993;8;NEIXEMENT;120;alta
1993;9;NEIXEMENT;102;alta
1993;10;NEIXEMENT;120;alta
1993;11;NEIXEMENT;77;alta
1993;12;NEIXEMENT;89;alta
1992;1;NEIXEMENT;109;alta
1992;2;NEIXEMENT;95;alta
1992;3;NEIXEMENT;109;alta
1992;4;NEIXEMENT;104;alta
1992;5;NEIXEMENT;134;alta
1992;6;NEIXEMENT;96;alta
1992;7;NEIXEMENT;125;alta
1992;8;NEIXEMENT;131;alta
1992;9;NEIXEMENT;126;alta
1992;10;NEIXEMENT;104;alta
1992;11;NEIXEMENT;118;alta
1992;12;NEIXEMENT;134;alta
1991;1;NEIXEMENT;105;alta
1991;2;NEIXEMENT;109;alta
1991;3;NEIXEMENT;110;alta
1991;4;NEIXEMENT;96;alta
1991;5;NEIXEMENT;95;alta
1991;6;NEIXEMENT;122;alta
1991;7;NEIXEMENT;118;alta
1991;8;NEIXEMENT;100;alta
1991;9;NEIXEMENT;118;alta
1991;10;NEIXEMENT;108;alta
1991;11;NEIXEMENT;105;alta
1991;12;NEIXEMENT;119;alta
1990;1;NEIXEMENT;108;alta
1990;2;NEIXEMENT;76;alta
1990;3;NEIXEMENT;118;alta
1990;4;NEIXEMENT;104;alta
1990;5;NEIXEMENT;130;alta
1990;6;NEIXEMENT;107;alta
1990;7;NEIXEMENT;108;alta
1990;8;NEIXEMENT;120;alta
1990;9;NEIXEMENT;109;alta
1990;10;NEIXEMENT;94;alta
1990;11;NEIXEMENT;136;alta
1990;12;NEIXEMENT;116;alta
1989;1;NEIXEMENT;109;alta
1989;2;NEIXEMENT;111;alta
1989;3;NEIXEMENT;114;alta
1989;4;NEIXEMENT;99;alta
1989;5;NEIXEMENT;96;alta
1989;6;NEIXEMENT;122;alta
1989;7;NEIXEMENT;125;alta
1989;8;NEIXEMENT;121;alta
1989;9;NEIXEMENT;118;alta
1989;10;NEIXEMENT;115;alta
1989;11;NEIXEMENT;121;alta
1989;12;NEIXEMENT;107;alta
1988;1;NEIXEMENT;129;alta
1988;2;NEIXEMENT;109;alta
1988;3;NEIXEMENT;119;alta
1988;4;NEIXEMENT;122;alta
1988;5;NEIXEMENT;104;alta
1988;6;NEIXEMENT;122;alta
1988;7;NEIXEMENT;124;alta
1988;8;NEIXEMENT;129;alta
1988;9;NEIXEMENT;154;alta
1988;10;NEIXEMENT;121;alta
1988;11;NEIXEMENT;104;alta
1988;12;NEIXEMENT;152;alta
1987;1;NEIXEMENT;136;alta
1987;2;NEIXEMENT;115;alta
1987;3;NEIXEMENT;120;alta
1987;4;NEIXEMENT;146;alta
1987;5;NEIXEMENT;107;alta
1987;6;NEIXEMENT;117;alta
1987;7;NEIXEMENT;111;alta
1987;8;NEIXEMENT;136;alta
1987;9;NEIXEMENT;118;alta
1987;10;NEIXEMENT;118;alta
1987;11;NEIXEMENT;108;alta
1987;12;NEIXEMENT;137;alta
1986;1;NEIXEMENT;123;alta
1986;2;NEIXEMENT;100;alta
1986;3;NEIXEMENT;132;alta
1986;4;NEIXEMENT;138;alta
1986;5;NEIXEMENT;121;alta
1986;6;NEIXEMENT;78;alta
1986;7;NEIXEMENT;139;alta
1986;8;NEIXEMENT;139;alta
1986;9;NEIXEMENT;127;alta
1986;10;NEIXEMENT;115;alta
1986;11;NEIXEMENT;112;alta
1986;12;NEIXEMENT;114;alta
1985;1;NEIXEMENT;144;alta
1985;2;NEIXEMENT;100;alta
1985;3;NEIXEMENT;144;alta
1985;4;NEIXEMENT;130;alta
1985;5;NEIXEMENT;144;alta
1985;6;NEIXEMENT;125;alta
1985;7;NEIXEMENT;133;alta
1985;8;NEIXEMENT;135;alta
1985;9;NEIXEMENT;137;alta
1985;10;NEIXEMENT;159;alta
1985;11;NEIXEMENT;106;alta
1985;12;NEIXEMENT;142;alta
1984;1;NEIXEMENT;135;alta
1984;2;NEIXEMENT;128;alta
1984;3;NEIXEMENT;144;alta
1984;4;NEIXEMENT;135;alta
1984;5;NEIXEMENT;140;alta
1984;6;NEIXEMENT;129;alta
1984;7;NEIXEMENT;143;alta
1984;8;NEIXEMENT;148;alta
1984;9;NEIXEMENT;135;alta
1984;10;NEIXEMENT;159;alta
1984;11;NEIXEMENT;124;alta
1984;12;NEIXEMENT;118;alta
1983;1;NEIXEMENT;154;alta
1983;2;NEIXEMENT;140;alta
1983;3;NEIXEMENT;128;alta
1983;4;NEIXEMENT;147;alta
1983;5;NEIXEMENT;143;alta
1983;6;NEIXEMENT;132;alta
1983;7;NEIXEMENT;142;alta
1983;8;NEIXEMENT;154;alta
1983;9;NEIXEMENT;130;alta
1983;10;NEIXEMENT;124;alta
1983;11;NEIXEMENT;146;alta
1983;12;NEIXEMENT;125;alta
1982;1;NEIXEMENT;148;alta
1982;2;NEIXEMENT;142;alta
1982;3;NEIXEMENT;170;alta
1982;4;NEIXEMENT;147;alta
1982;5;NEIXEMENT;170;alta
1982;6;NEIXEMENT;160;alta
1982;7;NEIXEMENT;142;alta
1982;8;NEIXEMENT;156;alta
1982;9;NEIXEMENT;177;alta
1982;10;NEIXEMENT;152;alta
1982;11;NEIXEMENT;147;alta
1982;12;NEIXEMENT;151;alta
1981;1;NEIXEMENT;161;alta
1981;2;NEIXEMENT;141;alta
1981;3;NEIXEMENT;168;alta
1981;4;NEIXEMENT;157;alta
1981;5;NEIXEMENT;174;alta
1981;6;NEIXEMENT;144;alta
1981;7;NEIXEMENT;155;alta
1981;8;NEIXEMENT;203;alta
1981;9;NEIXEMENT;184;alta
1981;10;NEIXEMENT;141;alta
1981;11;NEIXEMENT;150;alta
1981;12;NEIXEMENT;161;alta
1980;1;NEIXEMENT;166;alta
1980;2;NEIXEMENT;166;alta
1980;3;NEIXEMENT;166;alta
1980;4;NEIXEMENT;163;alta
1980;5;NEIXEMENT;176;alta
1980;6;NEIXEMENT;168;alta
1980;7;NEIXEMENT;155;alta
1980;8;NEIXEMENT;156;alta
1980;9;NEIXEMENT;160;alta
1980;10;NEIXEMENT;157;alta
1980;11;NEIXEMENT;165;alta
1980;12;NEIXEMENT;185;alta
1979;1;NEIXEMENT;202;alta
1979;2;NEIXEMENT;146;alta
1979;3;NEIXEMENT;159;alta
1979;4;NEIXEMENT;189;alta
1979;5;NEIXEMENT;181;alta
1979;6;NEIXEMENT;178;alta
1979;7;NEIXEMENT;182;alta
1979;8;NEIXEMENT;169;alta
1979;9;NEIXEMENT;180;alta
1979;10;NEIXEMENT;166;alta
1979;11;NEIXEMENT;141;alta
1979;12;NEIXEMENT;161;alta
1978;1;NEIXEMENT;169;alta
1978;2;NEIXEMENT;182;alta
1978;3;NEIXEMENT;181;alta
1978;4;NEIXEMENT;180;alta
1978;5;NEIXEMENT;197;alta
1978;6;NEIXEMENT;173;alta
1978;7;NEIXEMENT;187;alta
1978;8;NEIXEMENT;224;alta
1978;9;NEIXEMENT;181;alta
1978;10;NEIXEMENT;150;alta
1978;11;NEIXEMENT;182;alta
1978;12;NEIXEMENT;190;alta
1977;1;NEIXEMENT;195;alta
1977;2;NEIXEMENT;150;alta
1977;3;NEIXEMENT;229;alta
1977;4;NEIXEMENT;172;alta
1977;5;NEIXEMENT;192;alta
1977;6;NEIXEMENT;190;alta
1977;7;NEIXEMENT;195;alta
1977;8;NEIXEMENT;186;alta
1977;9;NEIXEMENT;198;alta
1977;10;NEIXEMENT;186;alta
1977;11;NEIXEMENT;161;alta
1977;12;NEIXEMENT;186;alta
1976;1;NEIXEMENT;146;alta
1976;2;NEIXEMENT;194;alta
1976;3;NEIXEMENT;195;alta
1976;4;NEIXEMENT;156;alta
1976;5;NEIXEMENT;157;alta
1976;6;NEIXEMENT;180;alta
1976;7;NEIXEMENT;187;alta
1976;8;NEIXEMENT;217;alta
1976;9;NEIXEMENT;198;alta
1976;10;NEIXEMENT;169;alta
1976;11;NEIXEMENT;167;alta
1976;12;NEIXEMENT;186;alta
1975;1;NEIXEMENT;176;alta
1975;2;NEIXEMENT;147;alta
1975;3;NEIXEMENT;180;alta
1975;4;NEIXEMENT;165;alta
1975;5;NEIXEMENT;186;alta
1975;6;NEIXEMENT;176;alta
1975;7;NEIXEMENT;214;alta
1975;8;NEIXEMENT;190;alta
1975;9;NEIXEMENT;191;alta
1975;10;NEIXEMENT;180;alta
1975;11;NEIXEMENT;173;alta
1975;12;NEIXEMENT;185;alta
1974;1;NEIXEMENT;185;alta
1974;2;NEIXEMENT;133;alta
1974;3;NEIXEMENT;174;alta
1974;4;NEIXEMENT;147;alta
1974;5;NEIXEMENT;169;alta
1974;6;NEIXEMENT;155;alta
1974;7;NEIXEMENT;201;alta
1974;8;NEIXEMENT;185;alta
1974;9;NEIXEMENT;186;alta
1974;10;NEIXEMENT;195;alta
1974;11;NEIXEMENT;181;alta
1974;12;NEIXEMENT;178;alta
1973;1;NEIXEMENT;130;alta
1973;2;NEIXEMENT;148;alta
1973;3;NEIXEMENT;184;alta
1973;4;NEIXEMENT;170;alta
1973;5;NEIXEMENT;155;alta
1973;6;NEIXEMENT;163;alta
1973;7;NEIXEMENT;219;alta
1973;8;NEIXEMENT;133;alta
1973;9;NEIXEMENT;147;alta
1973;10;NEIXEMENT;157;alta
1973;11;NEIXEMENT;147;alta
1973;12;NEIXEMENT;158;alta
1972;1;NEIXEMENT;145;alta
1972;2;NEIXEMENT;146;alta
1972;3;NEIXEMENT;141;alta
1972;4;NEIXEMENT;156;alta
1972;5;NEIXEMENT;141;alta
1972;6;NEIXEMENT;148;alta
1972;7;NEIXEMENT;190;alta
1972;8;NEIXEMENT;150;alta
1972;9;NEIXEMENT;161;alta
1972;10;NEIXEMENT;139;alta
1972;11;NEIXEMENT;120;alta
1972;11;CANVI RESIDENCIA;1;alta
1972;12;NEIXEMENT;162;alta
1971;1;NEIXEMENT;125;alta
1971;2;NEIXEMENT;116;alta
1971;3;NEIXEMENT;164;alta
1971;4;NEIXEMENT;160;alta
1971;5;NEIXEMENT;138;alta
1971;6;NEIXEMENT;142;alta
1971;7;NEIXEMENT;146;alta
1971;8;NEIXEMENT;165;alta
1971;9;NEIXEMENT;147;alta
1971;10;NEIXEMENT;137;alta
1971;11;NEIXEMENT;140;alta
1971;12;NEIXEMENT;127;alta
1970;1;NEIXEMENT;129;alta
1970;2;NEIXEMENT;110;alta
1970;3;NEIXEMENT;125;alta
1970;4;NEIXEMENT;114;alta
1970;5;NEIXEMENT;135;alta
1970;6;NEIXEMENT;137;alta
1970;7;NEIXEMENT;126;alta
1970;8;NEIXEMENT;134;alta
1970;9;NEIXEMENT;112;alta
1970;10;NEIXEMENT;122;alta
1970;11;NEIXEMENT;114;alta
1970;12;NEIXEMENT;149;alta
1969;1;NEIXEMENT;124;alta
1969;2;NEIXEMENT;122;alta
1969;3;NEIXEMENT;112;alta
1969;4;NEIXEMENT;134;alta
1969;5;NEIXEMENT;126;alta
1969;6;NEIXEMENT;132;alta
1969;7;NEIXEMENT;134;alta
1969;8;NEIXEMENT;131;alta
1969;9;NEIXEMENT;124;alta
1969;10;NEIXEMENT;111;alta
1969;11;NEIXEMENT;103;alta
1969;12;NEIXEMENT;86;alta
1968;1;NEIXEMENT;130;alta
1968;2;NEIXEMENT;112;alta
1968;3;NEIXEMENT;97;alta
1968;4;NEIXEMENT;112;alta
1968;5;NEIXEMENT;99;alta
1968;6;NEIXEMENT;114;alta
1968;7;NEIXEMENT;125;alta
1968;8;NEIXEMENT;125;alta
1968;9;NEIXEMENT;120;alta
1968;10;NEIXEMENT;98;alta
1968;11;NEIXEMENT;111;alta
1968;12;NEIXEMENT;107;alta
1967;1;NEIXEMENT;115;alta
1967;2;NEIXEMENT;121;alta
1967;3;NEIXEMENT;124;alta
1967;4;NEIXEMENT;100;alta
1967;5;NEIXEMENT;100;alta
1967;6;NEIXEMENT;90;alta
1967;7;NEIXEMENT;113;alta
1967;8;NEIXEMENT;121;alta
1967;9;NEIXEMENT;115;alta
1967;10;NEIXEMENT;93;alta
1967;11;NEIXEMENT;95;alta
1967;12;NEIXEMENT;91;alta
1966;1;NEIXEMENT;100;alta
1966;2;NEIXEMENT;80;alta
1966;3;NEIXEMENT;104;alta
1966;4;NEIXEMENT;95;alta
1966;5;NEIXEMENT;93;alta
1966;6;NEIXEMENT;117;alta
1966;7;NEIXEMENT;94;alta
1966;8;NEIXEMENT;91;alta
1966;9;NEIXEMENT;113;alta
1966;10;NEIXEMENT;92;alta
1966;11;NEIXEMENT;106;alta
1966;12;NEIXEMENT;104;alta
1965;1;NEIXEMENT;78;alta
1965;2;NEIXEMENT;95;alta
1965;3;NEIXEMENT;98;alta
1965;4;NEIXEMENT;81;alta
1965;5;NEIXEMENT;86;alta
1965;6;NEIXEMENT;66;alta
1965;7;NEIXEMENT;92;alta
1965;8;NEIXEMENT;91;alta
1965;9;NEIXEMENT;71;alta
1965;10;NEIXEMENT;96;alta
1965;11;NEIXEMENT;90;alta
1965;12;NEIXEMENT;90;alta
1964;1;NEIXEMENT;71;alta
1964;2;NEIXEMENT;82;alta
1964;3;NEIXEMENT;87;alta
1964;4;NEIXEMENT;75;alta
1964;5;NEIXEMENT;84;alta
1964;6;NEIXEMENT;97;alta
1964;7;NEIXEMENT;85;alta
1964;8;NEIXEMENT;97;alta
1964;9;NEIXEMENT;91;alta
1964;10;NEIXEMENT;72;alta
1964;11;NEIXEMENT;83;alta
1964;12;NEIXEMENT;81;alta
1963;1;NEIXEMENT;60;alta
1963;2;NEIXEMENT;64;alta
1963;3;NEIXEMENT;75;alta
1963;4;NEIXEMENT;64;alta
1963;5;NEIXEMENT;69;alta
1963;6;NEIXEMENT;79;alta
1963;7;NEIXEMENT;82;alta
1963;8;NEIXEMENT;77;alta
1963;9;NEIXEMENT;69;alta
1963;10;NEIXEMENT;75;alta
1963;11;NEIXEMENT;56;alta
1963;12;NEIXEMENT;80;alta
1962;1;NEIXEMENT;58;alta
1962;2;NEIXEMENT;53;alta
1962;3;NEIXEMENT;72;alta
1962;4;NEIXEMENT;77;alta
1962;5;NEIXEMENT;41;alta
1962;6;NEIXEMENT;63;alta
1962;7;NEIXEMENT;59;alta
1962;8;NEIXEMENT;58;alta
1962;9;NEIXEMENT;68;alta
1962;10;NEIXEMENT;50;alta
1962;11;NEIXEMENT;51;alta
1962;12;NEIXEMENT;54;alta
1961;1;NEIXEMENT;51;alta
1961;2;NEIXEMENT;61;alta
1961;3;NEIXEMENT;70;alta
1961;4;NEIXEMENT;44;alta
1961;5;NEIXEMENT;50;alta
1961;6;NEIXEMENT;64;alta
1961;7;NEIXEMENT;60;alta
1961;8;NEIXEMENT;58;alta
1961;9;NEIXEMENT;50;alta
1961;10;NEIXEMENT;65;alta
1961;11;NEIXEMENT;61;alta
1961;12;NEIXEMENT;68;alta
1960;1;NEIXEMENT;59;alta
1960;2;NEIXEMENT;54;alta
1960;3;NEIXEMENT;63;alta
1960;4;NEIXEMENT;59;alta
1960;5;NEIXEMENT;50;alta
1960;6;NEIXEMENT;67;alta
1960;7;NEIXEMENT;51;alta
1960;8;NEIXEMENT;63;alta
1960;9;NEIXEMENT;48;alta
1960;10;NEIXEMENT;65;alta
1960;11;NEIXEMENT;43;alta
1960;12;NEIXEMENT;61;alta
1959;1;NEIXEMENT;52;alta
1959;2;NEIXEMENT;39;alta
1959;3;NEIXEMENT;60;alta
1959;4;NEIXEMENT;49;alta
1959;5;NEIXEMENT;65;alta
1959;6;NEIXEMENT;55;alta
1959;7;NEIXEMENT;60;alta
1959;8;NEIXEMENT;59;alta
1959;9;NEIXEMENT;57;alta
1959;10;NEIXEMENT;51;alta
1959;11;NEIXEMENT;36;alta
1959;12;NEIXEMENT;44;alta
1958;1;NEIXEMENT;48;alta
1958;2;NEIXEMENT;40;alta
1958;3;NEIXEMENT;55;alta
1958;4;NEIXEMENT;64;alta
1958;5;NEIXEMENT;56;alta
1958;6;NEIXEMENT;54;alta
1958;7;NEIXEMENT;46;alta
1958;8;NEIXEMENT;32;alta
1958;9;NEIXEMENT;54;alta
1958;10;NEIXEMENT;62;alta
1958;11;NEIXEMENT;52;alta
1958;12;NEIXEMENT;64;alta
1957;1;NEIXEMENT;68;alta
1957;2;NEIXEMENT;46;alta
1957;3;NEIXEMENT;66;alta
1957;4;NEIXEMENT;50;alta
1957;5;NEIXEMENT;61;alta
1957;6;NEIXEMENT;41;alta
1957;7;NEIXEMENT;61;alta
1957;8;NEIXEMENT;58;alta
1957;9;NEIXEMENT;46;alta
1957;10;NEIXEMENT;62;alta
1957;11;NEIXEMENT;48;alta
1957;12;NEIXEMENT;48;alta
1956;1;NEIXEMENT;56;alta
1956;2;NEIXEMENT;44;alta
1956;3;NEIXEMENT;56;alta
1956;4;NEIXEMENT;56;alta
1956;5;NEIXEMENT;35;alta
1956;6;NEIXEMENT;45;alta
1956;7;NEIXEMENT;42;alta
1956;8;NEIXEMENT;32;alta
1956;9;NEIXEMENT;36;alta
1956;10;NEIXEMENT;41;alta
1956;11;NEIXEMENT;48;alta
1956;12;NEIXEMENT;49;alta
1955;1;NEIXEMENT;39;alta
1955;2;NEIXEMENT;45;alta
1955;3;NEIXEMENT;46;alta
1955;4;NEIXEMENT;44;alta
1955;5;NEIXEMENT;39;alta
1955;6;NEIXEMENT;40;alta
1955;7;NEIXEMENT;32;alta
1955;8;NEIXEMENT;44;alta
1955;9;NEIXEMENT;40;alta
1955;10;NEIXEMENT;51;alta
1955;11;NEIXEMENT;41;alta
1955;12;NEIXEMENT;39;alta
1954;1;NEIXEMENT;34;alta
1954;2;NEIXEMENT;44;alta
1954;3;NEIXEMENT;39;alta
1954;4;NEIXEMENT;39;alta
1954;5;NEIXEMENT;41;alta
1954;6;NEIXEMENT;34;alta
1954;7;NEIXEMENT;43;alta
1954;8;NEIXEMENT;34;alta
1954;9;NEIXEMENT;43;alta
1954;10;NEIXEMENT;40;alta
1954;11;NEIXEMENT;42;alta
1954;12;NEIXEMENT;38;alta
1953;1;NEIXEMENT;52;alta
1953;2;NEIXEMENT;29;alta
1953;3;NEIXEMENT;36;alta
1953;4;NEIXEMENT;32;alta
1953;5;NEIXEMENT;32;alta
1953;6;NEIXEMENT;41;alta
1953;7;NEIXEMENT;26;alta
1953;8;NEIXEMENT;35;alta
1953;9;NEIXEMENT;45;alta
1953;10;NEIXEMENT;32;alta
1953;11;NEIXEMENT;32;alta
1953;12;NEIXEMENT;43;alta
1952;1;NEIXEMENT;40;alta
1952;2;NEIXEMENT;28;alta
1952;3;NEIXEMENT;42;alta
1952;4;NEIXEMENT;44;alta
1952;5;NEIXEMENT;30;alta
1952;6;NEIXEMENT;31;alta
1952;7;NEIXEMENT;41;alta
1952;8;NEIXEMENT;37;alta
1952;9;NEIXEMENT;31;alta
1952;10;NEIXEMENT;41;alta
1952;11;NEIXEMENT;35;alta
1952;12;NEIXEMENT;43;alta
1951;1;NEIXEMENT;41;alta
1951;2;NEIXEMENT;35;alta
1951;3;NEIXEMENT;40;alta
1951;4;NEIXEMENT;39;alta
1951;5;NEIXEMENT;22;alta
1951;6;NEIXEMENT;44;alta
1951;7;NEIXEMENT;28;alta
1951;8;NEIXEMENT;38;alta
1951;9;NEIXEMENT;39;alta
1951;10;NEIXEMENT;40;alta
1951;11;NEIXEMENT;34;alta
1951;12;NEIXEMENT;35;alta
1950;1;NEIXEMENT;38;alta
1950;2;NEIXEMENT;28;alta
1950;3;NEIXEMENT;34;alta
1950;4;NEIXEMENT;34;alta
1950;5;NEIXEMENT;31;alta
1950;6;NEIXEMENT;20;alta
1950;7;NEIXEMENT;42;alta
1950;8;NEIXEMENT;34;alta
1950;9;NEIXEMENT;27;alta
1950;10;NEIXEMENT;33;alta
1950;11;NEIXEMENT;32;alta
1950;12;NEIXEMENT;40;alta
1949;1;NEIXEMENT;33;alta
1949;2;NEIXEMENT;23;alta
1949;3;NEIXEMENT;28;alta
1949;4;NEIXEMENT;37;alta
1949;5;NEIXEMENT;33;alta
1949;6;NEIXEMENT;34;alta
1949;7;NEIXEMENT;31;alta
1949;8;NEIXEMENT;43;alta
1949;9;NEIXEMENT;40;alta
1949;10;NEIXEMENT;34;alta
1949;11;NEIXEMENT;34;alta
1949;12;NEIXEMENT;31;alta
1948;1;NEIXEMENT;37;alta
1948;2;NEIXEMENT;44;alta
1948;3;NEIXEMENT;42;alta
1948;4;NEIXEMENT;33;alta
1948;5;NEIXEMENT;25;alta
1948;6;NEIXEMENT;38;alta
1948;7;NEIXEMENT;33;alta
1948;8;NEIXEMENT;34;alta
1948;9;NEIXEMENT;37;alta
1948;10;NEIXEMENT;19;alta
1948;11;NEIXEMENT;32;alta
1948;12;NEIXEMENT;40;alta
1947;1;NEIXEMENT;32;alta
1947;2;NEIXEMENT;37;alta
1947;3;NEIXEMENT;42;alta
1947;4;NEIXEMENT;27;alta
1947;5;NEIXEMENT;40;alta
1947;6;NEIXEMENT;20;alta
1947;7;NEIXEMENT;29;alta
1947;8;NEIXEMENT;34;alta
1947;9;NEIXEMENT;33;alta
1947;10;NEIXEMENT;31;alta
1947;11;NEIXEMENT;36;alta
1947;12;NEIXEMENT;35;alta
1946;1;NEIXEMENT;28;alta
1946;2;NEIXEMENT;30;alta
1946;3;NEIXEMENT;20;alta
1946;4;NEIXEMENT;36;alta
1946;5;NEIXEMENT;40;alta
1946;6;NEIXEMENT;27;alta
1946;7;NEIXEMENT;24;alta
1946;8;NEIXEMENT;29;alta
1946;9;NEIXEMENT;41;alta
1946;10;NEIXEMENT;38;alta
1946;11;NEIXEMENT;30;alta
1946;12;NEIXEMENT;31;alta
1945;1;NEIXEMENT;32;alta
1945;2;NEIXEMENT;22;alta
1945;3;NEIXEMENT;37;alta
1945;4;NEIXEMENT;21;alta
1945;5;NEIXEMENT;24;alta
1945;6;NEIXEMENT;29;alta
1945;7;NEIXEMENT;34;alta
1945;8;NEIXEMENT;25;alta
1945;9;NEIXEMENT;24;alta
1945;10;NEIXEMENT;28;alta
1945;11;NEIXEMENT;31;alta
1945;12;NEIXEMENT;37;alta
1944;1;NEIXEMENT;27;alta
1944;2;NEIXEMENT;25;alta
1944;3;NEIXEMENT;29;alta
1944;4;NEIXEMENT;34;alta
1944;5;NEIXEMENT;32;alta
1944;6;NEIXEMENT;26;alta
1944;7;NEIXEMENT;26;alta
1944;8;NEIXEMENT;27;alta
1944;9;NEIXEMENT;21;alta
1944;10;NEIXEMENT;20;alta
1944;11;NEIXEMENT;26;alta
1944;12;NEIXEMENT;20;alta
1943;1;NEIXEMENT;34;alta
1943;2;NEIXEMENT;17;alta
1943;3;NEIXEMENT;24;alta
1943;4;NEIXEMENT;25;alta
1943;5;NEIXEMENT;29;alta
1943;6;NEIXEMENT;21;alta
1943;7;NEIXEMENT;17;alta
1943;8;NEIXEMENT;22;alta
1943;9;NEIXEMENT;32;alta
1943;10;NEIXEMENT;29;alta
1943;11;NEIXEMENT;23;alta
1943;12;NEIXEMENT;29;alta
1942;1;NEIXEMENT;27;alta
1942;2;NEIXEMENT;23;alta
1942;3;NEIXEMENT;18;alta
1942;4;NEIXEMENT;27;alta
1942;5;NEIXEMENT;11;alta
1942;6;NEIXEMENT;34;alta
1942;7;NEIXEMENT;25;alta
1942;8;NEIXEMENT;16;alta
1942;9;NEIXEMENT;15;alta
1942;10;NEIXEMENT;17;alta
1942;11;NEIXEMENT;14;alta
1942;12;NEIXEMENT;16;alta
1941;1;NEIXEMENT;29;alta
1941;2;NEIXEMENT;17;alta
1941;3;NEIXEMENT;20;alta
1941;4;NEIXEMENT;16;alta
1941;5;NEIXEMENT;20;alta
1941;6;NEIXEMENT;18;alta
1941;7;NEIXEMENT;23;alta
1941;8;NEIXEMENT;15;alta
1941;9;NEIXEMENT;17;alta
1941;10;NEIXEMENT;18;alta
1941;11;NEIXEMENT;13;alta
1941;12;NEIXEMENT;13;alta
1940;1;NEIXEMENT;22;alta
1940;2;NEIXEMENT;27;alta
1940;3;NEIXEMENT;33;alta
1940;4;NEIXEMENT;29;alta
1940;5;NEIXEMENT;30;alta
1940;6;NEIXEMENT;30;alta
1940;7;NEIXEMENT;32;alta
1940;8;NEIXEMENT;29;alta
1940;9;NEIXEMENT;26;alta
1940;10;NEIXEMENT;19;alta
1940;11;NEIXEMENT;22;alta
1940;12;NEIXEMENT;23;alta
1939;1;NEIXEMENT;9;alta
1939;2;NEIXEMENT;15;alta
1939;3;NEIXEMENT;11;alta
1939;4;NEIXEMENT;10;alta
1939;5;NEIXEMENT;12;alta
1939;6;NEIXEMENT;6;alta
1939;7;NEIXEMENT;3;alta
1939;8;NEIXEMENT;5;alta
1939;9;NEIXEMENT;5;alta
1939;10;NEIXEMENT;13;alta
1939;11;NEIXEMENT;13;alta
1939;12;NEIXEMENT;17;alta
1938;1;NEIXEMENT;22;alta
1938;2;NEIXEMENT;9;alta
1938;3;NEIXEMENT;19;alta
1938;4;NEIXEMENT;8;alta
1938;5;NEIXEMENT;11;alta
1938;6;NEIXEMENT;9;alta
1938;7;NEIXEMENT;5;alta
1938;8;NEIXEMENT;7;alta
1938;9;NEIXEMENT;12;alta
1938;10;NEIXEMENT;6;alta
1938;11;NEIXEMENT;9;alta
1938;12;NEIXEMENT;7;alta
1937;1;NEIXEMENT;23;alta
1937;2;NEIXEMENT;19;alta
1937;3;NEIXEMENT;13;alta
1937;4;NEIXEMENT;21;alta
1937;5;NEIXEMENT;19;alta
1937;6;NEIXEMENT;13;alta
1937;7;NEIXEMENT;22;alta
1937;8;NEIXEMENT;16;alta
1937;9;NEIXEMENT;17;alta
1937;10;NEIXEMENT;16;alta
1937;11;NEIXEMENT;6;alta
1937;12;NEIXEMENT;17;alta
1936;1;NEIXEMENT;21;alta
1936;2;NEIXEMENT;16;alta
1936;3;NEIXEMENT;19;alta
1936;4;NEIXEMENT;22;alta
1936;5;NEIXEMENT;20;alta
1936;6;NEIXEMENT;21;alta
1936;7;NEIXEMENT;16;alta
1936;8;NEIXEMENT;20;alta
1936;9;NEIXEMENT;20;alta
1936;10;NEIXEMENT;23;alta
1936;11;NEIXEMENT;24;alta
1936;12;NEIXEMENT;25;alta
1935;1;NEIXEMENT;24;alta
1935;2;NEIXEMENT;18;alta
1935;3;NEIXEMENT;28;alta
1935;4;NEIXEMENT;19;alta
1935;5;NEIXEMENT;14;alta
1935;6;NEIXEMENT;23;alta
1935;7;NEIXEMENT;17;alta
1935;8;NEIXEMENT;16;alta
1935;9;NEIXEMENT;20;alta
1935;10;NEIXEMENT;14;alta
1935;11;NEIXEMENT;19;alta
1935;12;NEIXEMENT;15;alta
1934;1;NEIXEMENT;26;alta
1934;2;NEIXEMENT;12;alta
1934;3;NEIXEMENT;22;alta
1934;4;NEIXEMENT;18;alta
1934;5;NEIXEMENT;14;alta
1934;6;NEIXEMENT;23;alta
1934;7;NEIXEMENT;17;alta
1934;8;NEIXEMENT;21;alta
1934;9;NEIXEMENT;17;alta
1934;10;NEIXEMENT;12;alta
1934;11;NEIXEMENT;21;alta
1934;12;NEIXEMENT;23;alta
1933;1;NEIXEMENT;25;alta
1933;2;NEIXEMENT;13;alta
1933;3;NEIXEMENT;28;alta
1933;4;NEIXEMENT;22;alta
1933;5;NEIXEMENT;23;alta
1933;6;NEIXEMENT;13;alta
1933;7;NEIXEMENT;17;alta
1933;8;NEIXEMENT;27;alta
1933;9;NEIXEMENT;22;alta
1933;10;NEIXEMENT;26;alta
1933;11;NEIXEMENT;24;alta
1933;12;NEIXEMENT;19;alta
1932;1;NEIXEMENT;19;alta
1932;2;NEIXEMENT;19;alta
1932;3;NEIXEMENT;24;alta
1932;4;NEIXEMENT;18;alta
1932;5;NEIXEMENT;20;alta
1932;6;NEIXEMENT;24;alta
1932;7;NEIXEMENT;12;alta
1932;8;NEIXEMENT;16;alta
1932;9;NEIXEMENT;11;alta
1932;10;NEIXEMENT;33;alta
1932;11;NEIXEMENT;12;alta
1932;12;NEIXEMENT;22;alta
1931;1;NEIXEMENT;28;alta
1931;2;NEIXEMENT;15;alta
1931;3;NEIXEMENT;22;alta
1931;4;NEIXEMENT;17;alta
1931;5;NEIXEMENT;18;alta
1931;6;NEIXEMENT;18;alta
1931;7;NEIXEMENT;25;alta
1931;8;NEIXEMENT;22;alta
1931;9;NEIXEMENT;25;alta
1931;10;NEIXEMENT;19;alta
1931;11;NEIXEMENT;16;alta
1931;12;NEIXEMENT;23;alta
1930;1;NEIXEMENT;21;alta
1930;2;NEIXEMENT;17;alta
1930;3;NEIXEMENT;26;alta
1930;4;NEIXEMENT;20;alta
1930;5;NEIXEMENT;13;alta
1930;6;NEIXEMENT;23;alta
1930;7;NEIXEMENT;30;alta
1930;8;NEIXEMENT;24;alta
1930;9;NEIXEMENT;15;alta
1930;10;NEIXEMENT;26;alta
1930;11;NEIXEMENT;28;alta
1930;12;NEIXEMENT;18;alta
1929;1;NEIXEMENT;12;alta
1929;2;NEIXEMENT;16;alta
1929;3;NEIXEMENT;14;alta
1929;4;NEIXEMENT;24;alta
1929;5;NEIXEMENT;20;alta
1929;6;NEIXEMENT;16;alta
1929;7;NEIXEMENT;15;alta
1929;8;NEIXEMENT;20;alta
1929;9;NEIXEMENT;28;alta
1929;10;NEIXEMENT;20;alta
1929;11;NEIXEMENT;24;alta
1929;12;NEIXEMENT;21;alta
1928;1;NEIXEMENT;18;alta
1928;2;NEIXEMENT;22;alta
1928;3;NEIXEMENT;14;alta
1928;4;NEIXEMENT;18;alta
1928;5;NEIXEMENT;16;alta
1928;6;NEIXEMENT;28;alta
1928;7;NEIXEMENT;11;alta
1928;8;NEIXEMENT;16;alta
1928;9;NEIXEMENT;23;alta
1928;10;NEIXEMENT;20;alta
1928;11;NEIXEMENT;23;alta
1928;12;NEIXEMENT;18;alta
1927;1;NEIXEMENT;13;alta
1927;2;NEIXEMENT;22;alta
1927;3;NEIXEMENT;26;alta
1927;4;NEIXEMENT;22;alta
1927;5;NEIXEMENT;27;alta
1927;6;NEIXEMENT;24;alta
1927;7;NEIXEMENT;12;alta
1927;8;NEIXEMENT;13;alta
1927;9;NEIXEMENT;19;alta
1927;10;NEIXEMENT;20;alta
1927;11;NEIXEMENT;20;alta
1927;12;NEIXEMENT;13;alta
1926;1;NEIXEMENT;28;alta
1926;2;NEIXEMENT;19;alta
1926;3;NEIXEMENT;26;alta
1926;4;NEIXEMENT;21;alta
1926;5;NEIXEMENT;22;alta
1926;6;NEIXEMENT;13;alta
1926;7;NEIXEMENT;15;alta
1926;8;NEIXEMENT;21;alta
1926;9;NEIXEMENT;17;alta
1926;10;NEIXEMENT;14;alta
1926;11;NEIXEMENT;19;alta
1926;12;NEIXEMENT;21;alta
1925;1;NEIXEMENT;21;alta
1925;2;NEIXEMENT;22;alta
1925;3;NEIXEMENT;19;alta
1925;4;NEIXEMENT;16;alta
1925;5;NEIXEMENT;16;alta
1925;6;NEIXEMENT;18;alta
1925;7;NEIXEMENT;16;alta
1925;8;NEIXEMENT;15;alta
1925;9;NEIXEMENT;22;alta
1925;10;NEIXEMENT;22;alta
1925;11;NEIXEMENT;13;alta
1925;12;NEIXEMENT;12;alta
1924;1;NEIXEMENT;11;alta
1924;2;NEIXEMENT;14;alta
1924;3;NEIXEMENT;18;alta
1924;4;NEIXEMENT;18;alta
1924;5;NEIXEMENT;16;alta
1924;6;NEIXEMENT;25;alta
1924;7;NEIXEMENT;13;alta
1924;8;NEIXEMENT;23;alta
1924;9;NEIXEMENT;21;alta
1924;10;NEIXEMENT;32;alta
1924;11;NEIXEMENT;24;alta
1924;12;NEIXEMENT;21;alta
1923;1;NEIXEMENT;20;alta
1923;2;NEIXEMENT;7;alta
1923;3;NEIXEMENT;14;alta
1923;4;NEIXEMENT;16;alta
1923;5;NEIXEMENT;13;alta
1923;6;NEIXEMENT;11;alta
1923;7;NEIXEMENT;23;alta
1923;8;NEIXEMENT;17;alta
1923;9;NEIXEMENT;9;alta
1923;10;NEIXEMENT;20;alta
1923;11;NEIXEMENT;15;alta
1923;12;NEIXEMENT;12;alta
1922;1;NEIXEMENT;19;alta
1922;2;NEIXEMENT;15;alta
1922;3;NEIXEMENT;17;alta
1922;4;NEIXEMENT;13;alta
1922;5;NEIXEMENT;17;alta
1922;6;NEIXEMENT;15;alta
1922;7;NEIXEMENT;12;alta
1922;8;NEIXEMENT;13;alta
1922;9;NEIXEMENT;10;alta
1922;10;NEIXEMENT;12;alta
1922;11;NEIXEMENT;23;alta
1922;12;NEIXEMENT;19;alta
1921;1;NEIXEMENT;15;alta
1921;2;NEIXEMENT;10;alta
1921;3;NEIXEMENT;14;alta
1921;4;NEIXEMENT;11;alta
1921;5;NEIXEMENT;12;alta
1921;6;NEIXEMENT;15;alta
1921;7;NEIXEMENT;16;alta
1921;8;NEIXEMENT;13;alta
1921;9;NEIXEMENT;13;alta
1921;10;NEIXEMENT;21;alta
1921;11;NEIXEMENT;19;alta
1921;12;NEIXEMENT;9;alta
1920;1;NEIXEMENT;10;alta
1920;2;NEIXEMENT;13;alta
1920;3;NEIXEMENT;22;alta
1920;4;NEIXEMENT;16;alta
1920;5;NEIXEMENT;5;alta
1920;6;NEIXEMENT;7;alta
1920;7;NEIXEMENT;15;alta
1920;8;NEIXEMENT;11;alta
1920;9;NEIXEMENT;12;alta
1920;10;NEIXEMENT;19;alta
1920;11;NEIXEMENT;16;alta
1920;12;NEIXEMENT;18;alta
1919;1;NEIXEMENT;7;alta
1919;2;NEIXEMENT;15;alta
1919;3;NEIXEMENT;17;alta
1919;4;NEIXEMENT;7;alta
1919;5;NEIXEMENT;13;alta
1919;6;NEIXEMENT;10;alta
1919;7;NEIXEMENT;6;alta
1919;8;NEIXEMENT;5;alta
1919;9;NEIXEMENT;5;alta
1919;10;NEIXEMENT;16;alta
1919;11;NEIXEMENT;11;alta
1919;12;NEIXEMENT;10;alta
1918;1;NEIXEMENT;16;alta
1918;2;NEIXEMENT;11;alta
1918;3;NEIXEMENT;11;alta
1918;4;NEIXEMENT;7;alta
1918;5;NEIXEMENT;9;alta
1918;6;NEIXEMENT;4;alta
1918;7;NEIXEMENT;8;alta
1918;8;NEIXEMENT;13;alta
1918;9;NEIXEMENT;12;alta
1918;10;NEIXEMENT;8;alta
1918;11;NEIXEMENT;11;alta
1918;12;NEIXEMENT;9;alta
1917;1;NEIXEMENT;5;alta
1917;2;NEIXEMENT;9;alta
1917;3;NEIXEMENT;5;alta
1917;4;NEIXEMENT;10;alta
1917;5;NEIXEMENT;6;alta
1917;6;NEIXEMENT;11;alta
1917;7;NEIXEMENT;4;alta
1917;8;NEIXEMENT;11;alta
1917;9;NEIXEMENT;10;alta
1917;10;NEIXEMENT;8;alta
1917;11;NEIXEMENT;11;alta
1917;12;NEIXEMENT;7;alta
1916;1;NEIXEMENT;9;alta
1916;2;NEIXEMENT;10;alta
1916;3;NEIXEMENT;12;alta
1916;4;NEIXEMENT;4;alta
1916;5;NEIXEMENT;12;alta
1916;6;NEIXEMENT;10;alta
1916;7;NEIXEMENT;8;alta
1916;8;NEIXEMENT;10;alta
1916;9;NEIXEMENT;12;alta
1916;10;NEIXEMENT;16;alta
1916;11;NEIXEMENT;12;alta
1916;12;NEIXEMENT;9;alta
1915;1;NEIXEMENT;6;alta
1915;2;NEIXEMENT;2;alta
1915;3;NEIXEMENT;7;alta
1915;4;NEIXEMENT;6;alta
1915;5;NEIXEMENT;11;alta
1915;6;NEIXEMENT;6;alta
1915;7;NEIXEMENT;6;alta
1915;8;NEIXEMENT;6;alta
1915;9;NEIXEMENT;7;alta
1915;10;NEIXEMENT;9;alta
1915;11;NEIXEMENT;3;alta
1915;12;NEIXEMENT;14;alta
1914;1;NEIXEMENT;9;alta
1914;2;NEIXEMENT;7;alta
1914;3;NEIXEMENT;12;alta
1914;4;NEIXEMENT;8;alta
1914;5;NEIXEMENT;2;alta
1914;6;NEIXEMENT;7;alta
1914;7;NEIXEMENT;7;alta
1914;8;NEIXEMENT;11;alta
1914;9;NEIXEMENT;6;alta
1914;10;NEIXEMENT;7;alta
1914;11;NEIXEMENT;9;alta
1914;12;NEIXEMENT;8;alta
1913;1;NEIXEMENT;8;alta
1913;2;NEIXEMENT;10;alta
1913;3;NEIXEMENT;8;alta
1913;4;NEIXEMENT;3;alta
1913;5;NEIXEMENT;6;alta
1913;6;NEIXEMENT;11;alta
1913;7;NEIXEMENT;6;alta
1913;8;NEIXEMENT;6;alta
1913;9;NEIXEMENT;3;alta
1913;10;NEIXEMENT;4;alta
1913;11;NEIXEMENT;4;alta
1913;12;NEIXEMENT;9;alta
1912;1;NEIXEMENT;4;alta
1912;2;NEIXEMENT;8;alta
1912;3;NEIXEMENT;5;alta
1912;4;NEIXEMENT;7;alta
1912;5;NEIXEMENT;6;alta
1912;6;NEIXEMENT;7;alta
1912;7;NEIXEMENT;13;alta
1912;8;NEIXEMENT;2;alta
1912;9;NEIXEMENT;7;alta
1912;10;NEIXEMENT;4;alta
1912;11;NEIXEMENT;6;alta
1912;12;NEIXEMENT;16;alta
1911;1;NEIXEMENT;7;alta
1911;2;NEIXEMENT;6;alta
1911;3;NEIXEMENT;6;alta
1911;4;NEIXEMENT;3;alta
1911;5;NEIXEMENT;4;alta
1911;6;NEIXEMENT;7;alta
1911;7;NEIXEMENT;6;alta
1911;8;NEIXEMENT;4;alta
1911;9;NEIXEMENT;4;alta
1911;10;NEIXEMENT;5;alta
1911;11;NEIXEMENT;6;alta
1911;12;NEIXEMENT;6;alta
1910;1;NEIXEMENT;5;alta
1910;2;NEIXEMENT;5;alta
1910;3;NEIXEMENT;4;alta
1910;4;NEIXEMENT;4;alta
1910;5;NEIXEMENT;8;alta
1910;6;NEIXEMENT;6;alta
1910;7;NEIXEMENT;4;alta
1910;8;NEIXEMENT;8;alta
1910;9;NEIXEMENT;2;alta
1910;10;NEIXEMENT;3;alta
1910;11;NEIXEMENT;2;alta
1910;12;NEIXEMENT;2;alta
1909;1;NEIXEMENT;4;alta
1909;2;NEIXEMENT;3;alta
1909;3;NEIXEMENT;6;alta
1909;4;NEIXEMENT;4;alta
1909;5;NEIXEMENT;2;alta
1909;6;NEIXEMENT;4;alta
1909;7;NEIXEMENT;2;alta
1909;8;NEIXEMENT;3;alta
1909;9;NEIXEMENT;7;alta
1909;10;NEIXEMENT;2;alta
1909;11;NEIXEMENT;5;alta
1909;12;NEIXEMENT;3;alta
1908;1;NEIXEMENT;3;alta
1908;2;NEIXEMENT;2;alta
1908;3;NEIXEMENT;6;alta
1908;4;NEIXEMENT;2;alta
1908;5;NEIXEMENT;3;alta
1908;6;NEIXEMENT;1;alta
1908;7;NEIXEMENT;2;alta
1908;8;NEIXEMENT;3;alta
1908;9;NEIXEMENT;9;alta
1908;10;NEIXEMENT;3;alta
1908;11;NEIXEMENT;2;alta
1908;12;NEIXEMENT;1;alta
1907;1;NEIXEMENT;2;alta
1907;2;NEIXEMENT;2;alta
1907;3;NEIXEMENT;4;alta
1907;4;NEIXEMENT;1;alta
1907;5;NEIXEMENT;2;alta
1907;6;NEIXEMENT;4;alta
1907;8;NEIXEMENT;1;alta
1907;9;NEIXEMENT;4;alta
1907;10;NEIXEMENT;4;alta
1907;11;NEIXEMENT;6;alta
1907;12;NEIXEMENT;1;alta
1906;1;NEIXEMENT;2;alta
1906;6;NEIXEMENT;2;alta
1906;7;NEIXEMENT;3;alta
1906;8;NEIXEMENT;2;alta
1906;9;NEIXEMENT;1;alta
1906;10;NEIXEMENT;3;alta
1906;11;NEIXEMENT;1;alta
1906;12;NEIXEMENT;5;alta
1905;1;NEIXEMENT;1;alta
1905;2;NEIXEMENT;2;alta
1905;4;NEIXEMENT;1;alta
1905;5;NEIXEMENT;1;alta
1905;6;NEIXEMENT;2;alta
1905;8;NEIXEMENT;2;alta
1905;10;NEIXEMENT;1;alta
1905;11;NEIXEMENT;3;alta
1905;12;NEIXEMENT;3;alta
1904;1;NEIXEMENT;1;alta
1904;2;NEIXEMENT;1;alta
1904;4;NEIXEMENT;1;alta
1904;5;NEIXEMENT;1;alta
1904;7;NEIXEMENT;2;alta
1904;8;NEIXEMENT;3;alta
1904;9;NEIXEMENT;1;alta
1904;10;NEIXEMENT;2;alta
1904;12;NEIXEMENT;4;alta
1903;1;NEIXEMENT;2;alta
1903;3;NEIXEMENT;1;alta
1903;4;NEIXEMENT;1;alta
1903;6;NEIXEMENT;1;alta
1903;9;NEIXEMENT;2;alta
1903;10;NEIXEMENT;1;alta
1902;3;NEIXEMENT;1;alta
1902;4;NEIXEMENT;1;alta
1902;5;NEIXEMENT;1;alta
1902;12;NEIXEMENT;1;alta
1901;1;NEIXEMENT;2;alta
1901;2;NEIXEMENT;1;alta
1901;3;NEIXEMENT;1;alta
1901;6;NEIXEMENT;1;alta
1901;7;NEIXEMENT;1;alta
1901;9;NEIXEMENT;1;alta
1901;10;NEIXEMENT;1;alta
1901;12;NEIXEMENT;1;alta
1900;3;NEIXEMENT;1;alta
1900;6;NEIXEMENT;1;alta
1900;9;NEIXEMENT;2;alta
1900;11;NEIXEMENT;1;alta
1899;4;NEIXEMENT;1;alta
1899;12;NEIXEMENT;1;alta
1898;8;NEIXEMENT;2;alta
1898;11;NEIXEMENT;1;alta
1897;12;NEIXEMENT;1;alta
1895;2;NEIXEMENT;1;alta
4;8;CANVI RESIDENCIA;1;alta
2021;1;INSCRIPCIO INDEGUDA;45;baixa
2021;1;EMIGRACIO;455;baixa
2021;1;DEFUNCIO;140;baixa
2021;2;INSCRIPCIO INDEGUDA;214;baixa
2021;2;EMIGRACIO;434;baixa
2021;2;DEFUNCIO;105;baixa
2021;3;INSCRIPCIO INDEGUDA;54;baixa
2021;3;EMIGRACIO;622;baixa
2021;3;DEFUNCIO;93;baixa
2021;4;INSCRIPCIO INDEGUDA;18;baixa
2021;4;EMIGRACIO;474;baixa
2021;4;DEFUNCIO;84;baixa
2021;5;INSCRIPCIO INDEGUDA;770;baixa
2021;5;EMIGRACIO;544;baixa
2021;5;DEFUNCIO;82;baixa
2021;6;INSCRIPCIO INDEGUDA;769;baixa
2021;6;EMIGRACIO;465;baixa
2021;6;DEFUNCIO;87;baixa
2021;7;INSCRIPCIO INDEGUDA;808;baixa
2021;7;EMIGRACIO;487;baixa
2021;7;DEFUNCIO;82;baixa
2021;8;EMIGRACIO;437;baixa
2021;8;DEFUNCIO;82;baixa
2021;9;INSCRIPCIO INDEGUDA;629;baixa
2021;9;EMIGRACIO;558;baixa
2021;9;DEFUNCIO;64;baixa
2021;10;INSCRIPCIO INDEGUDA;582;baixa
2021;10;EMIGRACIO;343;baixa
2021;10;DEFUNCIO;2;baixa
2021;11;INSCRIPCIO INDEGUDA;6;baixa
2021;11;EMIGRACIO;6;baixa
2020;1;INSCRIPCIO INDEGUDA;45;baixa
2020;1;EMIGRACIO;490;baixa
2020;1;DEFUNCIO;104;baixa
2020;2;EMIGRACIO;508;baixa
2020;2;DEFUNCIO;77;baixa
2020;3;INSCRIPCIO INDEGUDA;123;baixa
2020;3;EMIGRACIO;301;baixa
2020;3;DEFUNCIO;117;baixa
2020;4;EMIGRACIO;45;baixa
2020;4;DEFUNCIO;135;baixa
2020;5;INSCRIPCIO INDEGUDA;2;baixa
2020;5;EMIGRACIO;232;baixa
2020;5;DEFUNCIO;81;baixa
2020;6;INSCRIPCIO INDEGUDA;2;baixa
2020;6;EMIGRACIO;430;baixa
2020;6;DEFUNCIO;74;baixa
2020;7;INSCRIPCIO INDEGUDA;4;baixa
2020;7;EMIGRACIO;562;baixa
2020;7;DEFUNCIO;72;baixa
2020;8;INSCRIPCIO INDEGUDA;1;baixa
2020;8;EMIGRACIO;445;baixa
2020;8;DEFUNCIO;90;baixa
2020;9;INSCRIPCIO INDEGUDA;3;baixa
2020;9;EMIGRACIO;551;baixa
2020;9;DEFUNCIO;69;baixa
2020;10;INSCRIPCIO INDEGUDA;651;baixa
2020;10;EMIGRACIO;550;baixa
2020;10;DEFUNCIO;119;baixa
2020;11;INSCRIPCIO INDEGUDA;3;baixa
2020;11;EMIGRACIO;609;baixa
2020;11;DEFUNCIO;124;baixa
2020;12;INSCRIPCIO INDEGUDA;553;baixa
2020;12;EMIGRACIO;392;baixa
2020;12;DEFUNCIO;89;baixa
2019;1;INSCRIPCIO INDEGUDA;6;baixa
2019;1;EMIGRACIO;521;baixa
2019;1;DEFUNCIO;97;baixa
2019;2;INSCRIPCIO INDEGUDA;11;baixa
2019;2;EMIGRACIO;422;baixa
2019;2;DEFUNCIO;90;baixa
2019;3;INSCRIPCIO INDEGUDA;6;baixa
2019;3;EMIGRACIO;488;baixa
2019;3;DEFUNCIO;101;baixa
2019;4;INSCRIPCIO INDEGUDA;6;baixa
2019;4;EMIGRACIO;426;baixa
2019;4;DEFUNCIO;88;baixa
2019;5;INSCRIPCIO INDEGUDA;108;baixa
2019;5;EMIGRACIO;501;baixa
2019;5;DEFUNCIO;87;baixa
2019;6;INSCRIPCIO INDEGUDA;309;baixa
2019;6;EMIGRACIO;451;baixa
2019;6;DEFUNCIO;69;baixa
2019;7;INSCRIPCIO INDEGUDA;707;baixa
2019;7;EMIGRACIO;504;baixa
2019;7;DEFUNCIO;92;baixa
2019;8;INSCRIPCIO INDEGUDA;5;baixa
2019;8;EMIGRACIO;350;baixa
2019;8;DEFUNCIO;83;baixa
2019;9;INSCRIPCIO INDEGUDA;3;baixa
2019;9;EMIGRACIO;637;baixa
2019;9;DEFUNCIO;91;baixa
2019;10;INSCRIPCIO INDEGUDA;11;baixa
2019;10;EMIGRACIO;558;baixa
2019;10;DEFUNCIO;80;baixa
2019;11;INSCRIPCIO INDEGUDA;10;baixa
2019;11;EMIGRACIO;456;baixa
2019;11;DEFUNCIO;89;baixa
2019;12;INSCRIPCIO INDEGUDA;9;baixa
2019;12;EMIGRACIO;409;baixa
2019;12;DEFUNCIO;99;baixa
2018;1;INSCRIPCIO INDEGUDA;3;baixa
2018;1;EMIGRACIO;490;baixa
2018;1;DEFUNCIO;118;baixa
2018;2;INSCRIPCIO INDEGUDA;4;baixa
2018;2;EMIGRACIO;403;baixa
2018;2;DEFUNCIO;96;baixa
2018;3;INSCRIPCIO INDEGUDA;2;baixa
2018;3;EMIGRACIO;412;baixa
2018;3;DEFUNCIO;95;baixa
2018;4;INSCRIPCIO INDEGUDA;6;baixa
2018;4;EMIGRACIO;482;baixa
2018;4;DEFUNCIO;87;baixa
2018;5;INSCRIPCIO INDEGUDA;9;baixa
2018;5;EMIGRACIO;480;baixa
2018;5;DEFUNCIO;79;baixa
2018;6;INSCRIPCIO INDEGUDA;9;baixa
2018;6;EMIGRACIO;402;baixa
2018;6;DEFUNCIO;84;baixa
2018;7;INSCRIPCIO INDEGUDA;9;baixa
2018;7;EMIGRACIO;492;baixa
2018;7;DEFUNCIO;78;baixa
2018;8;INSCRIPCIO INDEGUDA;178;baixa
2018;8;EMIGRACIO;440;baixa
2018;8;DEFUNCIO;92;baixa
2018;9;INSCRIPCIO INDEGUDA;5;baixa
2018;9;EMIGRACIO;510;baixa
2018;9;DEFUNCIO;61;baixa
2018;10;INSCRIPCIO INDEGUDA;5;baixa
2018;10;EMIGRACIO;559;baixa
2018;10;DEFUNCIO;94;baixa
2018;11;INSCRIPCIO INDEGUDA;5;baixa
2018;11;EMIGRACIO;464;baixa
2018;11;DEFUNCIO;71;baixa
2018;12;INSCRIPCIO INDEGUDA;3;baixa
2018;12;EMIGRACIO;401;baixa
2018;12;DEFUNCIO;91;baixa
2017;1;INSCRIPCIO INDEGUDA;5;baixa
2017;1;EMIGRACIO;396;baixa
2017;1;DEFUNCIO;124;baixa
2017;2;INSCRIPCIO INDEGUDA;4;baixa
2017;2;EMIGRACIO;342;baixa
2017;2;DEFUNCIO;85;baixa
2017;3;INSCRIPCIO INDEGUDA;5;baixa
2017;3;EMIGRACIO;468;baixa
2017;3;DEFUNCIO;83;baixa
2017;4;INSCRIPCIO INDEGUDA;4;baixa
2017;4;EMIGRACIO;392;baixa
2017;4;DEFUNCIO;85;baixa
2017;5;INSCRIPCIO INDEGUDA;6;baixa
2017;5;EMIGRACIO;448;baixa
2017;5;DEFUNCIO;88;baixa
2017;6;INSCRIPCIO INDEGUDA;8;baixa
2017;6;EMIGRACIO;404;baixa
2017;6;DEFUNCIO;79;baixa
2017;7;INSCRIPCIO INDEGUDA;3;baixa
2017;7;EMIGRACIO;403;baixa
2017;7;DEFUNCIO;90;baixa
2017;8;INSCRIPCIO INDEGUDA;382;baixa
2017;8;EMIGRACIO;421;baixa
2017;8;DEFUNCIO;63;baixa
2017;9;INSCRIPCIO INDEGUDA;7;baixa
2017;9;EMIGRACIO;515;baixa
2017;9;DEFUNCIO;63;baixa
2017;10;INSCRIPCIO INDEGUDA;107;baixa
2017;10;EMIGRACIO;472;baixa
2017;10;DEFUNCIO;97;baixa
2017;11;EMIGRACIO;433;baixa
2017;11;DEFUNCIO;80;baixa
2017;12;INSCRIPCIO INDEGUDA;3;baixa
2017;12;EMIGRACIO;354;baixa
2017;12;DEFUNCIO;121;baixa
2016;1;INSCRIPCIO INDEGUDA;5;baixa
2016;1;EMIGRACIO;405;baixa
2016;1;DEFUNCIO;98;baixa
2016;2;INSCRIPCIO INDEGUDA;11;baixa
2016;2;EMIGRACIO;431;baixa
2016;2;DEFUNCIO;94;baixa
2016;3;INSCRIPCIO INDEGUDA;6;baixa
2016;3;EMIGRACIO;375;baixa
2016;3;DEFUNCIO;112;baixa
2016;4;INSCRIPCIO INDEGUDA;132;baixa
2016;4;EMIGRACIO;501;baixa
2016;4;DEFUNCIO;82;baixa
2016;5;INSCRIPCIO INDEGUDA;3;baixa
2016;5;EMIGRACIO;416;baixa
2016;5;DEFUNCIO;72;baixa
2016;6;INSCRIPCIO INDEGUDA;6;baixa
2016;6;EMIGRACIO;369;baixa
2016;6;DEFUNCIO;60;baixa
2016;7;INSCRIPCIO INDEGUDA;81;baixa
2016;7;EMIGRACIO;400;baixa
2016;7;DEFUNCIO;98;baixa
2016;8;INSCRIPCIO INDEGUDA;496;baixa
2016;8;EMIGRACIO;393;baixa
2016;8;DEFUNCIO;79;baixa
2016;9;INSCRIPCIO INDEGUDA;7;baixa
2016;9;EMIGRACIO;488;baixa
2016;9;DEFUNCIO;88;baixa
2016;10;INSCRIPCIO INDEGUDA;819;baixa
2016;10;EMIGRACIO;400;baixa
2016;10;DEFUNCIO;82;baixa
2016;11;INSCRIPCIO INDEGUDA;1;baixa
2016;11;EMIGRACIO;449;baixa
2016;11;DEFUNCIO;86;baixa
2016;12;INSCRIPCIO INDEGUDA;5;baixa
2016;12;EMIGRACIO;332;baixa
2016;12;DEFUNCIO;100;baixa
2015;1;INSCRIPCIO INDEGUDA;3;baixa
2015;1;EMIGRACIO;394;baixa
2015;1;DEFUNCIO;112;baixa
2015;2;INSCRIPCIO INDEGUDA;6;baixa
2015;2;EMIGRACIO;443;baixa
2015;2;DEFUNCIO;95;baixa
2015;3;INSCRIPCIO INDEGUDA;5;baixa
2015;3;EMIGRACIO;468;baixa
2015;3;DEFUNCIO;98;baixa
2015;4;INSCRIPCIO INDEGUDA;3;baixa
2015;4;EMIGRACIO;431;baixa
2015;4;DEFUNCIO;81;baixa
2015;5;INSCRIPCIO INDEGUDA;2;baixa
2015;5;EMIGRACIO;451;baixa
2015;5;DEFUNCIO;69;baixa
2015;6;INSCRIPCIO INDEGUDA;96;baixa
2015;6;EMIGRACIO;468;baixa
2015;6;DEFUNCIO;82;baixa
2015;7;INSCRIPCIO INDEGUDA;6;baixa
2015;7;EMIGRACIO;501;baixa
2015;7;DEFUNCIO;72;baixa
2015;8;INSCRIPCIO INDEGUDA;85;baixa
2015;8;EMIGRACIO;426;baixa
2015;8;DEFUNCIO;80;baixa
2015;9;INSCRIPCIO INDEGUDA;1;baixa
2015;9;EMIGRACIO;465;baixa
2015;9;DEFUNCIO;77;baixa
2015;10;INSCRIPCIO INDEGUDA;6;baixa
2015;10;EMIGRACIO;418;baixa
2015;10;DEFUNCIO;80;baixa
2015;11;INSCRIPCIO INDEGUDA;3;baixa
2015;11;EMIGRACIO;404;baixa
2015;11;DEFUNCIO;75;baixa
2015;12;INSCRIPCIO INDEGUDA;3;baixa
2015;12;EMIGRACIO;382;baixa
2015;12;DEFUNCIO;99;baixa
2014;1;INSCRIPCIO INDEGUDA;473;baixa
2014;1;EMIGRACIO;412;baixa
2014;1;DEFUNCIO;97;baixa
2014;2;INSCRIPCIO INDEGUDA;5;baixa
2014;2;EMIGRACIO;422;baixa
2014;2;DEFUNCIO;79;baixa
2014;3;INSCRIPCIO INDEGUDA;7;baixa
2014;3;EMIGRACIO;507;baixa
2014;3;DEFUNCIO;99;baixa
2014;4;INSCRIPCIO INDEGUDA;251;baixa
2014;4;EMIGRACIO;376;baixa
2014;4;DEFUNCIO;73;baixa
2014;5;INSCRIPCIO INDEGUDA;4;baixa
2014;5;EMIGRACIO;501;baixa
2014;5;DEFUNCIO;73;baixa
2014;6;INSCRIPCIO INDEGUDA;10;baixa
2014;6;EMIGRACIO;432;baixa
2014;6;DEFUNCIO;74;baixa
2014;7;INSCRIPCIO INDEGUDA;144;baixa
2014;7;EMIGRACIO;446;baixa
2014;7;DEFUNCIO;81;baixa
2014;8;INSCRIPCIO INDEGUDA;5;baixa
2014;8;EMIGRACIO;365;baixa
2014;8;DEFUNCIO;68;baixa
2014;9;INSCRIPCIO INDEGUDA;12;baixa
2014;9;EMIGRACIO;495;baixa
2014;9;DEFUNCIO;69;baixa
2014;10;INSCRIPCIO INDEGUDA;7;baixa
2014;10;EMIGRACIO;429;baixa
2014;10;DEFUNCIO;78;baixa
2014;11;INSCRIPCIO INDEGUDA;5;baixa
2014;11;EMIGRACIO;388;baixa
2014;11;DEFUNCIO;68;baixa
2014;12;INSCRIPCIO INDEGUDA;4;baixa
2014;12;EMIGRACIO;331;baixa
2014;12;DEFUNCIO;75;baixa
2013;1;INSCRIPCIO INDEGUDA;9;baixa
2013;1;EMIGRACIO;484;baixa
2013;1;DEFUNCIO;87;baixa
2013;2;INSCRIPCIO INDEGUDA;590;baixa
2013;2;EMIGRACIO;407;baixa
2013;2;DEFUNCIO;89;baixa
2013;3;INSCRIPCIO INDEGUDA;9;baixa
2013;3;EMIGRACIO;458;baixa
2013;3;DEFUNCIO;91;baixa
2013;4;INSCRIPCIO INDEGUDA;7;baixa
2013;4;EMIGRACIO;436;baixa
2013;4;DEFUNCIO;84;baixa
2013;5;INSCRIPCIO INDEGUDA;14;baixa
2013;5;EMIGRACIO;457;baixa
2013;5;DEFUNCIO;71;baixa
2013;6;INSCRIPCIO INDEGUDA;246;baixa
2013;6;EMIGRACIO;438;baixa
2013;6;DEFUNCIO;79;baixa
2013;7;INSCRIPCIO INDEGUDA;7;baixa
2013;7;EMIGRACIO;497;baixa
2013;7;DEFUNCIO;96;baixa
2013;8;INSCRIPCIO INDEGUDA;2;baixa
2013;8;EMIGRACIO;365;baixa
2013;8;DEFUNCIO;85;baixa
2013;9;INSCRIPCIO INDEGUDA;8;baixa
2013;9;EMIGRACIO;466;baixa
2013;9;DEFUNCIO;72;baixa
2013;10;INSCRIPCIO INDEGUDA;217;baixa
2013;10;EMIGRACIO;464;baixa
2013;10;DEFUNCIO;82;baixa
2013;11;INSCRIPCIO INDEGUDA;7;baixa
2013;11;EMIGRACIO;374;baixa
2013;11;DEFUNCIO;74;baixa
2013;12;INSCRIPCIO INDEGUDA;22;baixa
2013;12;EMIGRACIO;323;baixa
2013;12;DEFUNCIO;96;baixa
2012;1;INSCRIPCIO INDEGUDA;9;baixa
2012;1;EMIGRACIO;484;baixa
2012;1;DEFUNCIO;75;baixa
2012;2;INSCRIPCIO INDEGUDA;133;baixa
2012;2;EMIGRACIO;460;baixa
2012;2;DEFUNCIO;110;baixa
2012;3;INSCRIPCIO INDEGUDA;6;baixa
2012;3;EMIGRACIO;501;baixa
2012;3;DEFUNCIO;94;baixa
2012;4;INSCRIPCIO INDEGUDA;7;baixa
2012;4;EMIGRACIO;393;baixa
2012;4;DEFUNCIO;66;baixa
2012;5;INSCRIPCIO INDEGUDA;6;baixa
2012;5;EMIGRACIO;501;baixa
2012;5;DEFUNCIO;95;baixa
2012;6;INSCRIPCIO INDEGUDA;380;baixa
2012;6;EMIGRACIO;455;baixa
2012;6;DEFUNCIO;78;baixa
2012;7;INSCRIPCIO INDEGUDA;9;baixa
2012;7;EMIGRACIO;516;baixa
2012;7;DEFUNCIO;57;baixa
2012;8;INSCRIPCIO INDEGUDA;5;baixa
2012;8;EMIGRACIO;492;baixa
2012;8;DEFUNCIO;74;baixa
2012;9;INSCRIPCIO INDEGUDA;3;baixa
2012;9;EMIGRACIO;608;baixa
2012;9;DEFUNCIO;76;baixa
2012;10;INSCRIPCIO INDEGUDA;3;baixa
2012;10;EMIGRACIO;488;baixa
2012;10;DEFUNCIO;89;baixa
2012;11;INSCRIPCIO INDEGUDA;4;baixa
2012;11;EMIGRACIO;405;baixa
2012;11;DEFUNCIO;73;baixa
2012;12;INSCRIPCIO INDEGUDA;7;baixa
2012;12;EMIGRACIO;411;baixa
2012;12;DEFUNCIO;77;baixa
2011;1;INSCRIPCIO INDEGUDA;15;baixa
2011;1;EMIGRACIO;471;baixa
2011;1;DEFUNCIO;106;baixa
2011;2;INSCRIPCIO INDEGUDA;16;baixa
2011;2;EMIGRACIO;516;baixa
2011;2;DEFUNCIO;92;baixa
2011;3;INSCRIPCIO INDEGUDA;9;baixa
2011;3;EMIGRACIO;517;baixa
2011;3;DEFUNCIO;104;baixa
2011;4;INSCRIPCIO INDEGUDA;9;baixa
2011;4;EMIGRACIO;404;baixa
2011;4;DEFUNCIO;83;baixa
2011;5;INSCRIPCIO INDEGUDA;304;baixa
2011;5;EMIGRACIO;555;baixa
2011;5;DEFUNCIO;85;baixa
2011;6;INSCRIPCIO INDEGUDA;12;baixa
2011;6;EMIGRACIO;482;baixa
2011;6;DEFUNCIO;74;baixa
2011;7;INSCRIPCIO INDEGUDA;15;baixa
2011;7;EMIGRACIO;450;baixa
2011;7;DEFUNCIO;66;baixa
2011;8;INSCRIPCIO INDEGUDA;6;baixa
2011;8;EMIGRACIO;479;baixa
2011;8;DEFUNCIO;77;baixa
2011;9;INSCRIPCIO INDEGUDA;15;baixa
2011;9;EMIGRACIO;648;baixa
2011;9;DEFUNCIO;83;baixa
2011;10;INSCRIPCIO INDEGUDA;17;baixa
2011;10;EMIGRACIO;475;baixa
2011;10;DEFUNCIO;85;baixa
2011;11;INSCRIPCIO INDEGUDA;194;baixa
2011;11;EMIGRACIO;425;baixa
2011;11;DEFUNCIO;70;baixa
2011;12;INSCRIPCIO INDEGUDA;14;baixa
2011;12;EMIGRACIO;407;baixa
2011;12;DEFUNCIO;94;baixa
2010;1;INSCRIPCIO INDEGUDA;16;baixa
2010;1;EMIGRACIO;466;baixa
2010;1;DEFUNCIO;97;baixa
2010;2;INSCRIPCIO INDEGUDA;690;baixa
2010;2;EMIGRACIO;540;baixa
2010;2;DEFUNCIO;74;baixa
2010;3;INSCRIPCIO INDEGUDA;19;baixa
2010;3;EMIGRACIO;548;baixa
2010;3;DEFUNCIO;90;baixa
2010;4;INSCRIPCIO INDEGUDA;9;baixa
2010;4;EMIGRACIO;503;baixa
2010;4;DEFUNCIO;62;baixa
2010;5;INSCRIPCIO INDEGUDA;16;baixa
2010;5;EMIGRACIO;589;baixa
2010;5;DEFUNCIO;90;baixa
2010;6;INSCRIPCIO INDEGUDA;9;baixa
2010;6;EMIGRACIO;540;baixa
2010;6;DEFUNCIO;70;baixa
2010;7;INSCRIPCIO INDEGUDA;193;baixa
2010;7;EMIGRACIO;390;baixa
2010;7;DEFUNCIO;74;baixa
2010;8;INSCRIPCIO INDEGUDA;6;baixa
2010;8;EMIGRACIO;534;baixa
2010;8;DEFUNCIO;63;baixa
2010;9;INSCRIPCIO INDEGUDA;8;baixa
2010;9;EMIGRACIO;586;baixa
2010;9;DEFUNCIO;74;baixa
2010;10;INSCRIPCIO INDEGUDA;218;baixa
2010;10;EMIGRACIO;6110;baixa
2010;10;DEFUNCIO;87;baixa
2010;11;INSCRIPCIO INDEGUDA;8;baixa
2010;11;EMIGRACIO;485;baixa
2010;11;DEFUNCIO;70;baixa
2010;12;INSCRIPCIO INDEGUDA;11;baixa
2010;12;EMIGRACIO;499;baixa
2010;12;DEFUNCIO;84;baixa
2009;1;INSCRIPCIO INDEGUDA;10;baixa
2009;1;EMIGRACIO;472;baixa
2009;1;DEFUNCIO;101;baixa
2009;2;INSCRIPCIO INDEGUDA;5;baixa
2009;2;EMIGRACIO;474;baixa
2009;2;DEFUNCIO;85;baixa
2009;3;INSCRIPCIO INDEGUDA;153;baixa
2009;3;EMIGRACIO;559;baixa
2009;3;DEFUNCIO;87;baixa
2009;4;INSCRIPCIO INDEGUDA;6;baixa
2009;4;EMIGRACIO;520;baixa
2009;4;DEFUNCIO;83;baixa
2009;5;INSCRIPCIO INDEGUDA;10;baixa
2009;5;EMIGRACIO;432;baixa
2009;5;DEFUNCIO;77;baixa
2009;6;INSCRIPCIO INDEGUDA;205;baixa
2009;6;EMIGRACIO;490;baixa
2009;6;DEFUNCIO;72;baixa
2009;7;INSCRIPCIO INDEGUDA;9;baixa
2009;7;EMIGRACIO;533;baixa
2009;7;DEFUNCIO;70;baixa
2009;8;INSCRIPCIO INDEGUDA;9;baixa
2009;8;EMIGRACIO;447;baixa
2009;8;DEFUNCIO;84;baixa
2009;9;INSCRIPCIO INDEGUDA;93;baixa
2009;9;EMIGRACIO;580;baixa
2009;9;DEFUNCIO;75;baixa
2009;10;INSCRIPCIO INDEGUDA;58;baixa
2009;10;EMIGRACIO;432;baixa
2009;10;DEFUNCIO;87;baixa
2009;11;INSCRIPCIO INDEGUDA;8;baixa
2009;11;EMIGRACIO;467;baixa
2009;11;DEFUNCIO;87;baixa
2009;12;INSCRIPCIO INDEGUDA;24;baixa
2009;12;EMIGRACIO;446;baixa
2009;12;DEFUNCIO;97;baixa
2008;1;INSCRIPCIO INDEGUDA;29;baixa
2008;1;EMIGRACIO;544;baixa
2008;1;DEFUNCIO;93;baixa
2008;2;INSCRIPCIO INDEGUDA;13;baixa
2008;2;EMIGRACIO;544;baixa
2008;2;DEFUNCIO;81;baixa
2008;3;INSCRIPCIO INDEGUDA;16;baixa
2008;3;EMIGRACIO;533;baixa
2008;3;DEFUNCIO;83;baixa
2008;4;INSCRIPCIO INDEGUDA;19;baixa
2008;4;EMIGRACIO;549;baixa
2008;4;DEFUNCIO;83;baixa
2008;5;INSCRIPCIO INDEGUDA;66;baixa
2008;5;EMIGRACIO;498;baixa
2008;5;DEFUNCIO;78;baixa
2008;6;INSCRIPCIO INDEGUDA;13;baixa
2008;6;EMIGRACIO;553;baixa
2008;6;DEFUNCIO;65;baixa
2008;7;INSCRIPCIO INDEGUDA;13;baixa
2008;7;EMIGRACIO;506;baixa
2008;7;DEFUNCIO;72;baixa
2008;8;INSCRIPCIO INDEGUDA;13;baixa
2008;8;EMIGRACIO;448;baixa
2008;8;DEFUNCIO;75;baixa
2008;9;INSCRIPCIO INDEGUDA;96;baixa
2008;9;EMIGRACIO;565;baixa
2008;9;DEFUNCIO;67;baixa
2008;10;INSCRIPCIO INDEGUDA;83;baixa
2008;10;EMIGRACIO;490;baixa
2008;10;DEFUNCIO;77;baixa
2008;11;INSCRIPCIO INDEGUDA;5;baixa
2008;11;EMIGRACIO;475;baixa
2008;11;DEFUNCIO;97;baixa
2008;12;INSCRIPCIO INDEGUDA;3;baixa
2008;12;EMIGRACIO;417;baixa
2008;12;DEFUNCIO;86;baixa
2007;1;INSCRIPCIO INDEGUDA;33;baixa
2007;1;EMIGRACIO;544;baixa
2007;1;DEFUNCIO;109;baixa
2007;2;INSCRIPCIO INDEGUDA;33;baixa
2007;2;EMIGRACIO;437;baixa
2007;2;DEFUNCIO;77;baixa
2007;3;INSCRIPCIO INDEGUDA;16;baixa
2007;3;EMIGRACIO;615;baixa
2007;3;DEFUNCIO;89;baixa
2007;4;INSCRIPCIO INDEGUDA;16;baixa
2007;4;EMIGRACIO;619;baixa
2007;4;DEFUNCIO;74;baixa
2007;5;INSCRIPCIO INDEGUDA;14;baixa
2007;5;EMIGRACIO;564;baixa
2007;5;DEFUNCIO;77;baixa
2007;6;INSCRIPCIO INDEGUDA;16;baixa
2007;6;EMIGRACIO;502;baixa
2007;6;DEFUNCIO;67;baixa
2007;7;INSCRIPCIO INDEGUDA;23;baixa
2007;7;EMIGRACIO;475;baixa
2007;7;DEFUNCIO;79;baixa
2007;8;INSCRIPCIO INDEGUDA;23;baixa
2007;8;EMIGRACIO;568;baixa
2007;8;DEFUNCIO;71;baixa
2007;9;INSCRIPCIO INDEGUDA;10;baixa
2007;9;EMIGRACIO;597;baixa
2007;9;DEFUNCIO;74;baixa
2007;10;INSCRIPCIO INDEGUDA;15;baixa
2007;10;EMIGRACIO;597;baixa
2007;10;DEFUNCIO;67;baixa
2007;11;INSCRIPCIO INDEGUDA;23;baixa
2007;11;EMIGRACIO;548;baixa
2007;11;DEFUNCIO;69;baixa
2007;12;INSCRIPCIO INDEGUDA;15;baixa
2007;12;EMIGRACIO;393;baixa
2007;12;DEFUNCIO;97;baixa
2006;1;INSCRIPCIO INDEGUDA;24;baixa
2006;1;EMIGRACIO;408;baixa
2006;1;DEFUNCIO;103;baixa
2006;2;INSCRIPCIO INDEGUDA;37;baixa
2006;2;EMIGRACIO;458;baixa
2006;2;DEFUNCIO;93;baixa
2006;3;INSCRIPCIO INDEGUDA;22;baixa
2006;3;EMIGRACIO;583;baixa
2006;3;DEFUNCIO;89;baixa
2006;4;INSCRIPCIO INDEGUDA;9;baixa
2006;4;EMIGRACIO;369;baixa
2006;4;DEFUNCIO;67;baixa
2006;5;INSCRIPCIO INDEGUDA;16;baixa
2006;5;EMIGRACIO;503;baixa
2006;5;DEFUNCIO;65;baixa
2006;6;INSCRIPCIO INDEGUDA;23;baixa
2006;6;EMIGRACIO;517;baixa
2006;6;DEFUNCIO;78;baixa
2006;7;INSCRIPCIO INDEGUDA;18;baixa
2006;7;EMIGRACIO;472;baixa
2006;7;DEFUNCIO;90;baixa
2006;8;INSCRIPCIO INDEGUDA;11;baixa
2006;8;EMIGRACIO;523;baixa
2006;8;DEFUNCIO;75;baixa
2006;9;INSCRIPCIO INDEGUDA;11;baixa
2006;9;EMIGRACIO;607;baixa
2006;9;DEFUNCIO;82;baixa
2006;10;INSCRIPCIO INDEGUDA;15;baixa
2006;10;EMIGRACIO;559;baixa
2006;10;DEFUNCIO;65;baixa
2006;11;INSCRIPCIO INDEGUDA;29;baixa
2006;11;EMIGRACIO;547;baixa
2006;11;DEFUNCIO;79;baixa
2006;12;INSCRIPCIO INDEGUDA;17;baixa
2006;12;EMIGRACIO;492;baixa
2006;12;DEFUNCIO;68;baixa
2005;1;INSCRIPCIO INDEGUDA;20;baixa
2005;1;EMIGRACIO;374;baixa
2005;1;DEFUNCIO;134;baixa
2005;2;INSCRIPCIO INDEGUDA;26;baixa
2005;2;EMIGRACIO;306;baixa
2005;2;DEFUNCIO;115;baixa
2005;3;INSCRIPCIO INDEGUDA;43;baixa
2005;3;EMIGRACIO;395;baixa
2005;3;DEFUNCIO;92;baixa
2005;4;INSCRIPCIO INDEGUDA;32;baixa
2005;4;EMIGRACIO;439;baixa
2005;4;DEFUNCIO;75;baixa
2005;5;INSCRIPCIO INDEGUDA;33;baixa
2005;5;EMIGRACIO;414;baixa
2005;5;DEFUNCIO;97;baixa
2005;6;INSCRIPCIO INDEGUDA;13;baixa
2005;6;EMIGRACIO;418;baixa
2005;6;DEFUNCIO;83;baixa
2005;7;INSCRIPCIO INDEGUDA;8;baixa
2005;7;EMIGRACIO;335;baixa
2005;7;DEFUNCIO;74;baixa
2005;8;INSCRIPCIO INDEGUDA;14;baixa
2005;8;EMIGRACIO;463;baixa
2005;8;DEFUNCIO;87;baixa
2005;9;INSCRIPCIO INDEGUDA;25;baixa
2005;9;EMIGRACIO;503;baixa
2005;9;DEFUNCIO;76;baixa
2005;10;INSCRIPCIO INDEGUDA;31;baixa
2005;10;EMIGRACIO;416;baixa
2005;10;DEFUNCIO;76;baixa
2005;11;INSCRIPCIO INDEGUDA;32;baixa
2005;11;EMIGRACIO;399;baixa
2005;11;DEFUNCIO;81;baixa
2005;12;INSCRIPCIO INDEGUDA;33;baixa
2005;12;EMIGRACIO;417;baixa
2005;12;DEFUNCIO;91;baixa
2004;1;INSCRIPCIO INDEGUDA;3;baixa
2004;1;EMIGRACIO;351;baixa
2004;1;DEFUNCIO;105;baixa
2004;2;INSCRIPCIO INDEGUDA;23;baixa
2004;2;EMIGRACIO;264;baixa
2004;2;DEFUNCIO;62;baixa
2004;3;INSCRIPCIO INDEGUDA;15;baixa
2004;3;EMIGRACIO;328;baixa
2004;3;DEFUNCIO;97;baixa
2004;4;INSCRIPCIO INDEGUDA;38;baixa
2004;4;EMIGRACIO;346;baixa
2004;4;DEFUNCIO;85;baixa
2004;5;INSCRIPCIO INDEGUDA;26;baixa
2004;5;EMIGRACIO;336;baixa
2004;5;DEFUNCIO;72;baixa
2004;6;INSCRIPCIO INDEGUDA;6;baixa
2004;6;EMIGRACIO;306;baixa
2004;6;DEFUNCIO;69;baixa
2004;7;INSCRIPCIO INDEGUDA;9;baixa
2004;7;EMIGRACIO;327;baixa
2004;7;DEFUNCIO;91;baixa
2004;8;INSCRIPCIO INDEGUDA;9;baixa
2004;8;EMIGRACIO;329;baixa
2004;8;DEFUNCIO;61;baixa
2004;9;INSCRIPCIO INDEGUDA;15;baixa
2004;9;EMIGRACIO;369;baixa
2004;9;DEFUNCIO;69;baixa
2004;10;INSCRIPCIO INDEGUDA;17;baixa
2004;10;EMIGRACIO;303;baixa
2004;10;DEFUNCIO;71;baixa
2004;11;INSCRIPCIO INDEGUDA;13;baixa
2004;11;EMIGRACIO;249;baixa
2004;11;DEFUNCIO;81;baixa
2004;12;INSCRIPCIO INDEGUDA;14;baixa
2004;12;EMIGRACIO;364;baixa
2004;12;DEFUNCIO;87;baixa
2003;1;INSCRIPCIO INDEGUDA;11;baixa
2003;1;EMIGRACIO;382;baixa
2003;1;DEFUNCIO;119;baixa
2003;2;INSCRIPCIO INDEGUDA;15;baixa
2003;2;EMIGRACIO;295;baixa
2003;2;DEFUNCIO;74;baixa
2003;3;INSCRIPCIO INDEGUDA;17;baixa
2003;3;EMIGRACIO;327;baixa
2003;3;DEFUNCIO;82;baixa
2003;4;INSCRIPCIO INDEGUDA;25;baixa
2003;4;EMIGRACIO;280;baixa
2003;4;DEFUNCIO;76;baixa
2003;5;INSCRIPCIO INDEGUDA;40;baixa
2003;5;EMIGRACIO;247;baixa
2003;5;DEFUNCIO;68;baixa
2003;6;INSCRIPCIO INDEGUDA;27;baixa
2003;6;EMIGRACIO;297;baixa
2003;6;DEFUNCIO;81;baixa
2003;7;INSCRIPCIO INDEGUDA;28;baixa
2003;7;EMIGRACIO;290;baixa
2003;7;DEFUNCIO;97;baixa
2003;8;INSCRIPCIO INDEGUDA;3;baixa
2003;8;EMIGRACIO;301;baixa
2003;8;DEFUNCIO;93;baixa
2003;9;INSCRIPCIO INDEGUDA;14;baixa
2003;9;EMIGRACIO;391;baixa
2003;9;DEFUNCIO;62;baixa
2003;10;INSCRIPCIO INDEGUDA;9;baixa
2003;10;EMIGRACIO;359;baixa
2003;10;DEFUNCIO;78;baixa
2003;11;INSCRIPCIO INDEGUDA;2;baixa
2003;11;EMIGRACIO;251;baixa
2003;11;DEFUNCIO;70;baixa
2003;12;INSCRIPCIO INDEGUDA;8;baixa
2003;12;EMIGRACIO;332;baixa
2003;12;DEFUNCIO;101;baixa
2002;1;INSCRIPCIO INDEGUDA;3;baixa
2002;1;EMIGRACIO;258;baixa
2002;1;DEFUNCIO;105;baixa
2002;2;INSCRIPCIO INDEGUDA;10;baixa
2002;2;EMIGRACIO;230;baixa
2002;2;DEFUNCIO;96;baixa
2002;3;INSCRIPCIO INDEGUDA;20;baixa
2002;3;EMIGRACIO;171;baixa
2002;3;DEFUNCIO;98;baixa
2002;4;INSCRIPCIO INDEGUDA;45;baixa
2002;4;EMIGRACIO;210;baixa
2002;4;DEFUNCIO;72;baixa
2002;5;INSCRIPCIO INDEGUDA;31;baixa
2002;5;EMIGRACIO;208;baixa
2002;5;DEFUNCIO;84;baixa
2002;6;INSCRIPCIO INDEGUDA;58;baixa
2002;6;EMIGRACIO;221;baixa
2002;6;DEFUNCIO;82;baixa
2002;7;INSCRIPCIO INDEGUDA;35;baixa
2002;7;EMIGRACIO;220;baixa
2002;7;DEFUNCIO;66;baixa
2002;8;INSCRIPCIO INDEGUDA;18;baixa
2002;8;EMIGRACIO;226;baixa
2002;8;DEFUNCIO;76;baixa
2002;9;INSCRIPCIO INDEGUDA;3;baixa
2002;9;EMIGRACIO;286;baixa
2002;9;DEFUNCIO;71;baixa
2002;10;INSCRIPCIO INDEGUDA;7;baixa
2002;10;EMIGRACIO;304;baixa
2002;10;DEFUNCIO;69;baixa
2002;11;INSCRIPCIO INDEGUDA;7;baixa
2002;11;EMIGRACIO;263;baixa
2002;11;DEFUNCIO;77;baixa
2002;12;INSCRIPCIO INDEGUDA;6;baixa
2002;12;EMIGRACIO;278;baixa
2002;12;DEFUNCIO;81;baixa
2001;1;INSCRIPCIO INDEGUDA;75;baixa
2001;1;EMIGRACIO;163;baixa
2001;1;DEFUNCIO;67;baixa
2001;2;INSCRIPCIO INDEGUDA;24;baixa
2001;2;EMIGRACIO;142;baixa
2001;2;DEFUNCIO;73;baixa
2001;3;INSCRIPCIO INDEGUDA;52;baixa
2001;3;EMIGRACIO;181;baixa
2001;3;DEFUNCIO;86;baixa
2001;4;INSCRIPCIO INDEGUDA;32;baixa
2001;4;EMIGRACIO;154;baixa
2001;4;DEFUNCIO;70;baixa
2001;5;INSCRIPCIO INDEGUDA;43;baixa
2001;5;EMIGRACIO;202;baixa
2001;5;DEFUNCIO;68;baixa
2001;6;INSCRIPCIO INDEGUDA;40;baixa
2001;6;EMIGRACIO;186;baixa
2001;6;DEFUNCIO;74;baixa
2001;7;INSCRIPCIO INDEGUDA;31;baixa
2001;7;EMIGRACIO;187;baixa
2001;7;DEFUNCIO;75;baixa
2001;8;INSCRIPCIO INDEGUDA;24;baixa
2001;8;EMIGRACIO;193;baixa
2001;8;DEFUNCIO;98;baixa
2001;9;INSCRIPCIO INDEGUDA;50;baixa
2001;9;EMIGRACIO;187;baixa
2001;9;DEFUNCIO;69;baixa
2001;10;INSCRIPCIO INDEGUDA;39;baixa
2001;10;EMIGRACIO;211;baixa
2001;10;DEFUNCIO;72;baixa
2001;11;INSCRIPCIO INDEGUDA;217;baixa
2001;11;EMIGRACIO;463;baixa
2001;11;DEFUNCIO;82;baixa
2001;12;INSCRIPCIO INDEGUDA;8;baixa
2001;12;EMIGRACIO;200;baixa
2001;12;DEFUNCIO;83;baixa
2000;1;INSCRIPCIO INDEGUDA;8;baixa
2000;1;EMIGRACIO;178;baixa
2000;1;DEFUNCIO;99;baixa
2000;2;INSCRIPCIO INDEGUDA;8;baixa
2000;2;EMIGRACIO;185;baixa
2000;2;DEFUNCIO;70;baixa
2000;3;INSCRIPCIO INDEGUDA;16;baixa
2000;3;EMIGRACIO;222;baixa
2000;3;DEFUNCIO;64;baixa
2000;4;INSCRIPCIO INDEGUDA;8;baixa
2000;4;EMIGRACIO;203;baixa
2000;4;DEFUNCIO;72;baixa
2000;5;INSCRIPCIO INDEGUDA;15;baixa
2000;5;EMIGRACIO;209;baixa
2000;5;DEFUNCIO;61;baixa
2000;6;INSCRIPCIO INDEGUDA;37;baixa
2000;6;EMIGRACIO;169;baixa
2000;6;DEFUNCIO;69;baixa
2000;7;INSCRIPCIO INDEGUDA;40;baixa
2000;7;EMIGRACIO;145;baixa
2000;7;DEFUNCIO;70;baixa
2000;8;INSCRIPCIO INDEGUDA;60;baixa
2000;8;EMIGRACIO;159;baixa
2000;8;DEFUNCIO;60;baixa
2000;9;INSCRIPCIO INDEGUDA;42;baixa
2000;9;EMIGRACIO;191;baixa
2000;9;DEFUNCIO;45;baixa
2000;10;INSCRIPCIO INDEGUDA;64;baixa
2000;10;EMIGRACIO;171;baixa
2000;10;DEFUNCIO;75;baixa
2000;11;INSCRIPCIO INDEGUDA;32;baixa
2000;11;EMIGRACIO;139;baixa
2000;11;DEFUNCIO;76;baixa
2000;12;INSCRIPCIO INDEGUDA;36;baixa
2000;12;EMIGRACIO;145;baixa
2000;12;DEFUNCIO;73;baixa
1999;1;INSCRIPCIO INDEGUDA;18;baixa
1999;1;EMIGRACIO;175;baixa
1999;1;DEFUNCIO;96;baixa
1999;2;INSCRIPCIO INDEGUDA;22;baixa
1999;2;EMIGRACIO;181;baixa
1999;2;DEFUNCIO;98;baixa
1999;3;INSCRIPCIO INDEGUDA;27;baixa
1999;3;EMIGRACIO;196;baixa
1999;3;DEFUNCIO;82;baixa
1999;4;INSCRIPCIO INDEGUDA;36;baixa
1999;4;EMIGRACIO;142;baixa
1999;4;DEFUNCIO;75;baixa
1999;5;INSCRIPCIO INDEGUDA;35;baixa
1999;5;EMIGRACIO;163;baixa
1999;5;DEFUNCIO;60;baixa
1999;6;INSCRIPCIO INDEGUDA;54;baixa
1999;6;EMIGRACIO;134;baixa
1999;6;DEFUNCIO;75;baixa
1999;7;INSCRIPCIO INDEGUDA;51;baixa
1999;7;EMIGRACIO;138;baixa
1999;7;DEFUNCIO;61;baixa
1999;8;INSCRIPCIO INDEGUDA;52;baixa
1999;8;EMIGRACIO;142;baixa
1999;8;DEFUNCIO;78;baixa
1999;9;INSCRIPCIO INDEGUDA;50;baixa
1999;9;EMIGRACIO;220;baixa
1999;9;DEFUNCIO;66;baixa
1999;10;INSCRIPCIO INDEGUDA;156;baixa
1999;10;EMIGRACIO;167;baixa
1999;10;DEFUNCIO;70;baixa
1999;11;INSCRIPCIO INDEGUDA;57;baixa
1999;11;EMIGRACIO;145;baixa
1999;11;DEFUNCIO;86;baixa
1999;12;INSCRIPCIO INDEGUDA;21;baixa
1999;12;EMIGRACIO;189;baixa
1999;12;DEFUNCIO;81;baixa
1998;1;INSCRIPCIO INDEGUDA;32;baixa
1998;1;EMIGRACIO;147;baixa
1998;1;DEFUNCIO;86;baixa
1998;2;INSCRIPCIO INDEGUDA;52;baixa
1998;2;EMIGRACIO;118;baixa
1998;2;DEFUNCIO;73;baixa
1998;3;INSCRIPCIO INDEGUDA;51;baixa
1998;3;EMIGRACIO;194;baixa
1998;3;DEFUNCIO;76;baixa
1998;4;INSCRIPCIO INDEGUDA;43;baixa
1998;4;EMIGRACIO;117;baixa
1998;4;DEFUNCIO;52;baixa
1998;5;INSCRIPCIO INDEGUDA;33;baixa
1998;5;EMIGRACIO;125;baixa
1998;5;DEFUNCIO;67;baixa
1998;6;INSCRIPCIO INDEGUDA;113;baixa
1998;6;EMIGRACIO;144;baixa
1998;6;DEFUNCIO;57;baixa
1998;7;INSCRIPCIO INDEGUDA;30;baixa
1998;7;EMIGRACIO;161;baixa
1998;7;DEFUNCIO;64;baixa
1998;8;INSCRIPCIO INDEGUDA;45;baixa
1998;8;EMIGRACIO;141;baixa
1998;8;DEFUNCIO;73;baixa
1998;9;INSCRIPCIO INDEGUDA;38;baixa
1998;9;EMIGRACIO;182;baixa
1998;9;DEFUNCIO;52;baixa
1998;10;INSCRIPCIO INDEGUDA;49;baixa
1998;10;EMIGRACIO;156;baixa
1998;10;DEFUNCIO;67;baixa
1998;11;INSCRIPCIO INDEGUDA;43;baixa
1998;11;EMIGRACIO;146;baixa
1998;11;DEFUNCIO;69;baixa
1998;12;INSCRIPCIO INDEGUDA;30;baixa
1998;12;EMIGRACIO;179;baixa
1998;12;DEFUNCIO;76;baixa
1997;1;INSCRIPCIO INDEGUDA;17;baixa
1997;1;EMIGRACIO;88;baixa
1997;1;DEFUNCIO;74;baixa
1997;2;INSCRIPCIO INDEGUDA;10;baixa
1997;2;EMIGRACIO;42;baixa
1997;2;DEFUNCIO;86;baixa
1997;3;INSCRIPCIO INDEGUDA;63;baixa
1997;3;EMIGRACIO;132;baixa
1997;3;DEFUNCIO;68;baixa
1997;4;INSCRIPCIO INDEGUDA;8;baixa
1997;4;EMIGRACIO;217;baixa
1997;4;DEFUNCIO;64;baixa
1997;5;INSCRIPCIO INDEGUDA;5;baixa
1997;5;EMIGRACIO;117;baixa
1997;5;DEFUNCIO;69;baixa
1997;6;INSCRIPCIO INDEGUDA;9;baixa
1997;6;EMIGRACIO;73;baixa
1997;6;DEFUNCIO;59;baixa
1997;7;INSCRIPCIO INDEGUDA;2;baixa
1997;7;EMIGRACIO;213;baixa
1997;7;DEFUNCIO;68;baixa
1997;8;INSCRIPCIO INDEGUDA;49;baixa
1997;8;EMIGRACIO;165;baixa
1997;8;DEFUNCIO;72;baixa
1997;9;INSCRIPCIO INDEGUDA;15;baixa
1997;9;EMIGRACIO;185;baixa
1997;9;DEFUNCIO;67;baixa
1997;10;INSCRIPCIO INDEGUDA;9;baixa
1997;10;EMIGRACIO;227;baixa
1997;10;DEFUNCIO;80;baixa
1997;11;INSCRIPCIO INDEGUDA;8;baixa
1997;11;EMIGRACIO;130;baixa
1997;11;DEFUNCIO;83;baixa
1997;12;INSCRIPCIO INDEGUDA;21;baixa
1997;12;EMIGRACIO;155;baixa
1997;12;DEFUNCIO;71;baixa
1996;5;INSCRIPCIO INDEGUDA;13;baixa
1996;5;EMIGRACIO;46;baixa
1996;5;DEFUNCIO;36;baixa
1996;6;INSCRIPCIO INDEGUDA;3;baixa
1996;6;EMIGRACIO;44;baixa
1996;6;DEFUNCIO;55;baixa
1996;7;EMIGRACIO;57;baixa
1996;7;DEFUNCIO;68;baixa
1996;8;EMIGRACIO;94;baixa
1996;8;DEFUNCIO;69;baixa
1996;9;INSCRIPCIO INDEGUDA;1;baixa
1996;9;EMIGRACIO;113;baixa
1996;9;DEFUNCIO;67;baixa
1996;10;INSCRIPCIO INDEGUDA;5;baixa
1996;10;EMIGRACIO;134;baixa
1996;10;DEFUNCIO;72;baixa
1996;11;INSCRIPCIO INDEGUDA;2;baixa
1996;11;EMIGRACIO;131;baixa
1996;11;DEFUNCIO;67;baixa
1996;12;INSCRIPCIO INDEGUDA;3;baixa
1996;12;EMIGRACIO;105;baixa
1996;12;DEFUNCIO;60;baixa
1995;6;DEFUNCIO;1;baixa
1994;1;DEFUNCIO;1;baixa
1994;6;DEFUNCIO;1;baixa
1994;10;EMIGRACIO;2;baixa
1993;8;DEFUNCIO;1;baixa
1992;6;DEFUNCIO;1;baixa
1992;12;DEFUNCIO;1;baixa
1991;8;DEFUNCIO;1;baixa
1988;3;INSCRIPCIO INDEGUDA;1;baixa
